symbol,name,sector,fundamental_score,valuation_score,growth_score,quality_score,health_score,pe_ratio,pb_ratio,peg_ratio,roe,revenue_growth,earnings_growth,profit_margin,debt_to_equity,pe_score,pe_discount_pct,pb_score,peg_score,ev_ebitda_score,valuation_total,revenue_score,earnings_score,growth_total,roe_score,margin_score,roce_score,quality_total,de_score,current_ratio_score,fcf_score,health_total
GESHIP,The Great Eastern Shipping Company Limited,Industrials,22.0,7.5,10,3.5,1.0,8.345006,1.6092427,,0.18849,0.519,1.875,0.46615002,6.409,4,81.1,1.5,0.0,2,7.5,5,5,10,1.5,2.0,0,3.5,0.0,1,0.0,1.0
WELENT,Welspun Enterprises Limited,Industrials,21.0,8.0,8,2.0,3.0,18.592916,2.490525,0.48,0.13603,0.206,0.531,0.09425,60.918,4,57.9,1.0,2.0,1,8.0,3,5,8,1.0,1.0,0,2.0,0.0,1,2.0,3.0
GODFRYPHLP,Godfrey Phillips India Limited,Consumer Defensive,21.0,6.0,10,3.5,1.5,23.952297,6.262579,0.27,0.26593,1.245,0.861,0.16364,3.757,4,45.1,0.0,2.0,0,6.0,5,5,10,2.0,1.5,0,3.5,0.0,1,0.5,1.5
RAJESHEXPO,Rajesh Exports Limited,Consumer Cyclical,20.0,10.0,10,0.0,0.0,18.926058,0.19162586,0.25,,1.433,1.017,0.00023,5.254,4,41.5,2.0,2.0,2,10.0,5,5,10,0.0,0.0,0,0.0,0.0,0,0.0,0.0
RAJESHEXPO,Rajesh Exports Limited,Consumer Cyclical,20.0,10.0,10,0.0,0.0,18.926058,0.19162586,0.25,,1.433,1.017,0.00023,5.254,4,41.5,2.0,2.0,2,10.0,5,5,10,0.0,0.0,0,0.0,0.0,0,0.0,0.0
MUTHOOTFIN,Muthoot Finance Limited,Financial Services,19.0,4.0,10,4.0,1.0,12.516956,3.7233102,,0.30406,0.537,1.267,0.55206,379.707,4,36.2,0.0,0.0,0,4.0,5,5,10,2.0,2.0,0,4.0,0.0,1,0.0,1.0
BSE,BSE Limited,Financial Services,19.0,0.0,10,5.0,4.0,78.83371,21.64714,,0.36003,1.051,0.64,0.48729,0.0,0,-301.9,0.0,0.0,0,0.0,5,5,10,2.0,2.0,1,5.0,2.0,1,1.0,4.0
BSE,BSE Limited,Financial Services,19.0,0.0,10,5.0,4.0,78.83371,21.64714,,0.36003,1.051,0.64,0.48729,0.0,0,-301.9,0.0,0.0,0,0.0,5,5,10,2.0,2.0,1,5.0,2.0,1,1.0,4.0
HINDZINC,Hindustan Zinc Limited,Basic Materials,19.0,3.0,10,5.0,1.0,19.33374,11.813478,,0.76941,0.408,0.675,0.35292998,39.034,2,16.4,0.0,0.0,1,3.0,5,5,10,2.0,2.0,1,5.0,0.0,0,1.0,1.0
UJJIVANSFB,Ujjivan Small Finance Bank Limited,Financial Services,18.5,4.0,10,2.5,2.0,15.225071,1.6328526,,0.10739,0.444,2.34,0.16572,,3,22.4,1.0,0.0,0,4.0,5,5,10,1.0,1.5,0,2.5,2.0,0,0.0,2.0
TATAINVEST,Tata Investment Corporation Limited,Financial Services,18.5,3.0,10,2.0,3.5,77.608185,1.0554838,,0.01438,1.539,0.689,1.07488,,0,-295.6,1.0,0.0,2,3.0,5,5,10,0.0,2.0,0,2.0,2.0,1,0.5,3.5
LUPIN,Lupin Limited,Healthcare,18.5,4.0,9,3.5,2.0,19.642765,4.6559343,,0.26907,0.319,0.89,0.19073999,29.388,4,53.5,0.0,0.0,0,4.0,4,5,9,2.0,1.5,0,3.5,0.0,1,1.0,2.0
MCX,Multi Commodity Exchange of India Limited,Financial Services,18.0,0.0,10,5.0,3.0,65.365616,20.65247,,0.37883,2.0,2.912,0.54818,0.113,0,-233.2,0.0,0.0,0,0.0,5,5,10,2.0,2.0,1,5.0,2.0,0,1.0,3.0
KALAMANDIR,Sai Silks (Kalamandir) Limited,Consumer Cyclical,18.0,7.0,6,2.0,3.0,10.764645,1.2055857,,0.11781,0.051,1.403,0.08522,28.658,4,66.8,1.0,0.0,2,7.0,1,5,6,1.0,1.0,0,2.0,0.0,1,2.0,3.0
CANFINHOME,Can Fin Homes Limited,Financial Services,18.0,6.5,7,3.5,1.0,10.341638,2.0440001,0.86,0.19655001,0.243,0.478,0.67294997,637.09,4,47.3,1.0,1.5,0,6.5,3,4,7,1.5,2.0,0,3.5,0.0,1,0.0,1.0
M&M,Mahindra & Mahindra Limited,Consumer Cyclical,17.5,6.0,8,2.5,1.0,20.340065,3.7117193,1.26,0.18754,0.309,0.448,0.08461001,125.066,4,37.2,0.0,1.0,1,6.0,4,4,8,1.5,1.0,0,2.5,0.0,0,1.0,1.0
HINDPETRO,Hindustan Petroleum Corporation Limited,Energy,17.5,7.5,6,2.0,2.0,4.374484,1.2043852,,0.30929002,0.049,0.775,0.041050002,85.369,4,61.1,1.5,0.0,2,7.5,1,5,6,2.0,0.0,0,2.0,0.0,0,2.0,2.0
SHARDACROP,Sharda Cropchem Limited,Basic Materials,17.5,5.0,9,1.5,2.0,11.942198,3.0365238,,,0.387,3.664,0.11246,0.148,4,48.4,0.0,0.0,1,5.0,4,5,9,0.0,1.5,0,1.5,2.0,0,0.0,2.0
BAJAJ-AUTO,Bajaj Auto Limited,Consumer Cyclical,17.5,3.0,10,3.5,1.0,26.542341,7.3405647,1.31,0.28046,0.488,1.031,0.16507,56.289,2,18.0,0.0,1.0,0,3.0,5,5,10,2.0,1.5,0,3.5,0.0,1,0.0,1.0
HEROMOTOCO,Hero MotoCorp Limited,Consumer Cyclical,17.0,4.0,7,3.5,2.5,17.477575,4.6354456,,0.28027,0.302,0.257,0.12109999,3.57,4,46.0,0.0,0.0,0,4.0,4,3,7,2.0,1.5,0,3.5,0.0,1,1.5,2.5
COALINDIA,Coal India Limited,Energy,17.0,6.5,5,3.5,2.0,9.055688,2.3641868,0.87,0.28124002,0.162,0.129,0.18465,11.629,2,19.5,1.0,1.5,2,6.5,3,2,5,2.0,1.5,0,3.5,0.0,1,1.0,2.0
COALINDIA,Coal India Limited,Energy,17.0,6.5,5,3.5,2.0,9.055688,2.3641868,0.87,0.28124002,0.162,0.129,0.18465,11.629,2,19.5,1.0,1.5,2,6.5,3,2,5,2.0,1.5,0,3.5,0.0,1,1.0,2.0
OBEROIRLTY,Oberoi Realty Limited,Real Estate,17.0,3.0,10,3.0,1.0,23.510654,3.5229468,,0.14913,0.521,0.624,0.41727,15.765,3,22.1,0.0,0.0,0,3.0,5,5,10,1.0,2.0,0,3.0,0.0,1,0.0,1.0
OBEROIRLTY,Oberoi Realty Limited,Real Estate,17.0,3.0,10,3.0,1.0,23.510654,3.5229468,,0.14913,0.521,0.624,0.41727,15.765,3,22.1,0.0,0.0,0,3.0,5,5,10,1.0,2.0,0,3.0,0.0,1,0.0,1.0
BSOFT,Birlasoft Limited,Technology,16.5,7.0,5,2.0,2.5,17.4946,2.4432178,,0.13656999,0.024,0.437,0.09762,3.422,4,40.4,1.0,0.0,2,7.0,1,4,5,1.0,1.0,0,2.0,0.0,1,1.5,2.5
NATIONALUM,National Aluminium Company Limited,Basic Materials,16.5,6.0,1,5.0,4.5,11.930324,3.3916821,,0.2942,0.01,-0.167,0.3132,0.277,4,48.4,0.0,0.0,2,6.0,1,0,1,2.0,2.0,1,5.0,2.0,1,1.5,4.5
CENTRALBK,Central Bank of India,Financial Services,16.0,6.0,5,3.0,2.0,6.808,0.7937322,,0.11914,0.448,-0.354,0.24420999,,4,65.3,2.0,0.0,0,6.0,5,0,5,1.0,2.0,0,3.0,2.0,0,0.0,2.0
BAJAJCON,Bajaj Consumer Care Limited,Consumer Defensive,16.0,2.0,9,3.5,1.5,37.69339,9.505232,,0.25309,0.304,1.13,0.16329001,2.092,2,13.6,0.0,0.0,0,2.0,4,5,9,2.0,1.5,0,3.5,0.0,1,0.5,1.5
ROUTE,Route Mobile Limited,Communication Services,16.0,7.0,5,1.0,3.0,13.555614,1.1700416,,0.09722,-0.038,0.932,0.05422,1.488,4,38.8,1.0,0.0,2,7.0,0,5,5,0.0,1.0,0,1.0,0.0,1,2.0,3.0
CAPLIPOINT,Caplin Point Laboratories Limited,Healthcare,16.0,4.0,5,3.5,3.5,23.639526,5.022139,,0.19939,0.19,0.193,0.29318002,0.127,4,44.0,0.0,0.0,0,4.0,3,2,5,1.5,2.0,0,3.5,2.0,1,0.5,3.5
ICICIBANK,ICICI Bank Limited,Financial Services,16.0,4.5,6,3.5,2.0,16.583801,2.447405,0.53,0.16359,0.669,0.084,0.24929,,2,15.5,1.0,1.5,0,4.5,5,1,6,1.5,2.0,0,3.5,2.0,0,0.0,2.0
KRBL,KRBL Limited,Consumer Defensive,15.5,8.0,2,2.5,3.0,11.624259,1.3922228,1.12,0.11731,0.063,0.007,0.105059996,2.924,4,73.3,1.0,1.0,2,8.0,1,1,2,1.0,1.5,0,2.5,0.0,1,2.0,3.0
TNPL,Tamil Nadu Newsprint and Papers Limited,Basic Materials,15.5,8.0,5,2.0,0.5,4.1706705,0.44619828,,0.11254,-0.045,9.848,0.053340003,69.638,4,82.0,2.0,0.0,2,8.0,0,5,5,1.0,1.0,0,2.0,0.0,0,0.5,0.5
SUNTECK,Sunteck Realty Limited,Real Estate,15.5,5.0,8,1.5,1.0,20.7066,1.2688916,,0.052270003,0.645,0.262,0.18185,17.311,4,31.4,1.0,0.0,0,5.0,5,3,8,0.0,1.5,0,1.5,0.0,1,0.0,1.0
JMFINANCIL,JM Financial Limited,Financial Services,15.0,5.0,8,2.0,0.0,10.074161,1.2003535,,,0.314,0.5,0.35617,104.102,4,48.6,1.0,0.0,0,5.0,4,4,8,0.0,2.0,0,2.0,0.0,0,0.0,0.0
PNB,Punjab National Bank,Financial Services,15.0,6.0,4,3.0,2.0,6.33125,0.78197366,,0.12985,0.152,0.019,0.31221,,4,67.7,2.0,0.0,0,6.0,3,1,4,1.0,2.0,0,3.0,2.0,0,0.0,2.0
SUZLON,Suzlon Energy Limited,Industrials,15.0,6.0,7,2.0,0.0,22.419493,9.261334,0.35,,0.424,0.143,0.21564,5.051,4,49.2,0.0,2.0,0,6.0,5,2,7,0.0,2.0,0,2.0,0.0,0,0.0,0.0
SOUTHBANK,The South Indian Bank Limited,Financial Services,15.0,6.0,4,3.0,2.0,7.0018015,0.92323774,,0.13526,0.112,0.183,0.28946,,4,64.3,2.0,0.0,0,6.0,2,2,4,1.0,2.0,0,3.0,2.0,0,0.0,2.0
BANKINDIA,Bank of India Limited,Financial Services,15.0,6.0,4,3.0,2.0,6.123675,0.70187515,,0.12056,0.101,0.186,0.31886,,4,68.8,2.0,0.0,0,6.0,2,2,4,1.0,2.0,0,3.0,2.0,0,0.0,2.0
DCBBANK,DCB Bank Limited,Financial Services,15.0,6.0,4,3.0,2.0,7.68142,0.8632551,,0.11968,0.124,0.134,0.24443,,4,60.8,2.0,0.0,0,6.0,2,2,4,1.0,2.0,0,3.0,2.0,0,0.0,2.0
DBCORP,D. B. Corp Limited,Communication Services,15.0,7.0,3,2.5,2.5,11.05102,1.5097288,,0.14269,0.047,0.191,0.14095001,10.796,4,50.1,1.0,0.0,2,7.0,1,2,3,1.0,1.5,0,2.5,0.0,1,1.5,2.5
CUB,City Union Bank Limited,Financial Services,15.0,4.0,6,3.0,2.0,13.950001,1.874636,,0.13241,0.236,0.251,0.37617,,3,28.9,1.0,0.0,0,4.0,3,3,6,1.0,2.0,0,3.0,2.0,0,0.0,2.0
CANBK,Canara Bank,Financial Services,14.5,6.0,3,3.5,2.0,5.265025,0.9727041,,0.1757,0.209,-0.098,0.32017,,4,73.2,2.0,0.0,0,6.0,3,0,3,1.5,2.0,0,3.5,2.0,0,0.0,2.0
THYROCARE,Thyrocare Technologies Limited,Healthcare,14.5,0.0,8,4.5,2.0,45.940544,14.026604,,0.28746,0.197,1.164,0.19667,8.65,0,-8.8,0.0,0.0,0,0.0,3,5,8,2.0,1.5,1,4.5,0.0,1,1.0,2.0
OFSS,Oracle Financial Services Software Limited,Technology,14.5,0.0,6,5.0,3.5,31.939339,10.725584,,0.32606,0.203,0.306,0.34401,0.415,0,-8.9,0.0,0.0,0,0.0,3,3,6,2.0,2.0,1,5.0,1.5,1,1.0,3.5
OFSS,Oracle Financial Services Software Limited,Technology,14.5,0.0,6,5.0,3.5,31.939339,10.725584,,0.32606,0.203,0.306,0.34401,0.415,0,-8.9,0.0,0.0,0,0.0,3,3,6,2.0,2.0,1,5.0,1.5,1,1.0,3.5
THANGAMAYL,Thangamayil Jewellery Limited,Consumer Cyclical,14.5,1.0,10,2.0,1.5,31.34901,9.729562,,0.27927,1.056,3.508,0.041300002,64.492,1,3.2,0.0,0.0,0,1.0,5,5,10,2.0,0.0,0,2.0,0.0,1,0.5,1.5
ORIENTCEM,Orient Cement Limited,Basic Materials,14.5,7.5,3,3.0,1.0,8.159975,1.3359424,,0.17082001,-0.216,0.317,0.120900005,3.377,4,64.7,1.5,0.0,2,7.5,0,3,3,1.5,1.5,0,3.0,0.0,1,0.0,1.0
CREDITACC,CreditAccess Grameen Limited,Financial Services,14.5,1.0,10,2.5,1.0,155.21327,2.6754622,,0.105100006,1.259,6.162,0.18677999,301.484,0,-691.3,1.0,0.0,0,1.0,5,5,10,1.0,1.5,0,2.5,0.0,1,0.0,1.0
CREDITACC,CreditAccess Grameen Limited,Financial Services,14.5,1.0,10,2.5,1.0,155.21327,2.6754622,,0.105100006,1.259,6.162,0.18677999,301.484,0,-691.3,1.0,0.0,0,1.0,5,5,10,1.0,1.5,0,2.5,0.0,1,0.0,1.0
TCS,Tata Consultancy Services Limited,Technology,14.5,5.0,3,4.5,2.0,17.100971,7.4175963,2.48,0.48395002,0.096,0.122,0.18429,10.389,4,41.7,0.0,0.0,1,5.0,1,2,3,2.0,1.5,1,4.5,0.0,1,1.0,2.0
CHAMBLFERT,Chambal Fertilisers and Chemicals Limited,Basic Materials,14.0,5.5,5,2.5,1.0,9.380174,1.7425522,,0.20451,0.149,0.302,0.09380999,10.274,4,59.4,1.5,0.0,0,5.5,2,3,5,1.5,1.0,0,2.5,0.0,1,0.0,1.0
NATCOPHARM,NATCO Pharma Limited,Healthcare,14.0,6.0,6,2.0,0.0,13.006327,2.3419898,,,0.363,0.139,0.3413,3.012,4,69.2,1.0,0.0,1,6.0,4,2,6,0.0,2.0,0,2.0,0.0,0,0.0,0.0
RBLBANK,RBL Bank Limited,Financial Services,14.0,1.0,10,1.0,2.0,22.9539,1.1961739,,,0.408,3.679,0.09082,,0,-17.0,1.0,0.0,0,1.0,5,5,10,0.0,1.0,0,1.0,2.0,0,0.0,2.0
GRANULES,Granules India Limited,Healthcare,14.0,4.0,6,2.5,1.5,31.373312,3.6918669,1.0,0.13522,0.228,0.313,0.11089,29.735,3,25.7,0.0,1.0,0,4.0,3,3,6,1.0,1.5,0,2.5,0.0,1,0.5,1.5
CHAMBLFERT,Chambal Fertilisers and Chemicals Limited,Basic Materials,14.0,5.5,5,2.5,1.0,9.380174,1.7425522,,0.20451,0.149,0.302,0.09380999,10.274,4,59.4,1.5,0.0,0,5.5,2,3,5,1.5,1.0,0,2.5,0.0,1,0.0,1.0
GRANULES,Granules India Limited,Healthcare,14.0,4.0,6,2.5,1.5,31.373312,3.6918669,1.0,0.13522,0.228,0.313,0.11089,29.735,3,25.7,0.0,1.0,0,4.0,3,3,6,1.0,1.5,0,2.5,0.0,1,0.5,1.5
TBZ,Tribhovandas Bhimji Zaveri Limited,Consumer Cyclical,14.0,7.0,7,0.0,0.0,5.9699073,1.2351059,,,0.144,1.696,0.04966,118.113,4,81.6,1.0,0.0,2,7.0,2,5,7,0.0,0.0,0,0.0,0.0,0,0.0,0.0
GODREJPROP,Godrej Properties Limited,Real Estate,14.0,2.0,10,2.0,0.0,27.947214,2.6968265,,0.09969,0.63,0.701,0.36056,82.119,1,7.4,1.0,0.0,0,2.0,5,5,10,0.0,2.0,0,2.0,0.0,0,0.0,0.0
ROSSARI,Rossari Biotech Limited,Basic Materials,14.0,5.0,6,2.0,1.0,18.403938,2.0570705,,0.11848,0.182,0.335,0.06227,32.695,3,20.4,1.0,0.0,1,5.0,3,3,6,1.0,1.0,0,2.0,0.0,1,0.0,1.0
FINCABLES,Finolex Cables Limited,Industrials,14.0,5.0,6,1.5,1.5,22.986942,2.8339348,,,0.352,0.114,0.11418,0.377,4,47.9,1.0,0.0,0,5.0,4,2,6,0.0,1.5,0,1.5,1.5,0,0.0,1.5
PNBHOUSING,PNB Housing Finance Limited,Financial Services,14.0,5.0,5,3.0,1.0,12.1241455,1.4431119,,0.127,0.216,0.19,0.58886003,277.418,4,38.2,1.0,0.0,0,5.0,3,2,5,1.0,2.0,0,3.0,0.0,1,0.0,1.0
IIFL,IIFL Finance Limited,Financial Services,14.0,5.0,5,3.0,1.0,11.891613,1.407715,,0.12286,-0.141,1.831,0.21020001,446.24,4,39.4,1.0,0.0,0,5.0,0,5,5,1.0,2.0,0,3.0,0.0,1,0.0,1.0
ESCORTS,Escorts Kubota Limited,Industrials,14.0,5.0,4,3.0,2.0,23.277237,2.675822,1.61,0.120220006,0.214,0.006,0.20746,1.309,4,47.3,1.0,0.0,0,5.0,3,1,4,1.0,2.0,0,3.0,0.0,1,1.0,2.0
TNPETRO,Tamilnadu Petroproducts Limited,Basic Materials,14.0,8.0,5,1.0,0.0,6.8599067,0.81504095,,,-0.085,0.7,0.06471,33.127,4,70.3,2.0,0.0,2,8.0,0,5,5,0.0,1.0,0,1.0,0.0,0,0.0,0.0
GSFC,Gujarat State Fertilizers & Chemicals Limited,Basic Materials,14.0,8.0,3,1.0,2.0,10.124857,0.56271505,,,0.045,0.182,0.06765,0.011,4,56.2,2.0,0.0,2,8.0,1,2,3,0.0,1.0,0,1.0,2.0,0,0.0,2.0
NAVINFLUOR,Navin Fluorine International Limited,Basic Materials,14.0,0.0,9,3.5,1.5,54.21839,9.122756,,0.20105,0.338,1.165,0.20023,31.997,0,-134.4,0.0,0.0,0,0.0,4,5,9,1.5,2.0,0,3.5,0.0,1,0.5,1.5
NAZARA,Nazara Technologies Limited,Communication Services,14.0,5.0,5,1.0,3.0,10.835783,3.2188537,,0.01974,-0.138,646.629,0.03119,6.051,4,51.1,0.0,0.0,1,5.0,0,5,5,0.0,0.0,1,1.0,0.0,1,2.0,3.0
SCHAEFFLER,Schaeffler India Limited,Consumer Cyclical,13.5,0.0,8,3.0,2.5,51.197845,10.30607,,0.20212999,0.275,0.355,0.118769996,0.904,0,-58.1,0.0,0.0,0,0.0,4,4,8,1.5,1.5,0,3.0,1.0,1,0.5,2.5
COFORGE,Coforge Limited,Technology,13.5,0.0,9,2.5,2.0,32.230083,4.9724784,,0.18596001,0.305,1.34,0.094840005,7.518,0,-9.9,0.0,0.0,0,0.0,4,5,9,1.5,1.0,0,2.5,0.0,1,1.0,2.0
COFORGE,Coforge Limited,Technology,13.5,0.0,9,2.5,2.0,32.230083,4.9724784,,0.18596001,0.305,1.34,0.094840005,7.518,0,-9.9,0.0,0.0,0,0.0,4,5,9,1.5,1.0,0,2.5,0.0,1,1.0,2.0
MAZDOCK,Mazagon Dock Shipbuilders Limited,Industrials,13.5,2.0,8,3.5,0.0,37.832603,10.017035,,0.2877,0.213,1.09,0.19863,4.481,2,14.3,0.0,0.0,0,2.0,3,5,8,2.0,1.5,0,3.5,0.0,0,0.0,0.0
SCHAEFFLER,Schaeffler India Limited,Consumer Cyclical,13.5,0.0,8,3.0,2.5,51.197845,10.30607,,0.20212999,0.275,0.355,0.118769996,0.904,0,-58.1,0.0,0.0,0,0.0,4,4,8,1.5,1.5,0,3.0,1.0,1,0.5,2.5
MAZDOCK,Mazagon Dock Shipbuilders Limited,Industrials,13.5,2.0,8,3.5,0.0,37.832603,10.017035,,0.2877,0.213,1.09,0.19863,4.481,2,14.3,0.0,0.0,0,2.0,3,5,8,2.0,1.5,0,3.5,0.0,0,0.0,0.0
SBIN,State Bank of India,Financial Services,13.5,7.0,1,3.5,2.0,10.4126425,1.479354,0.53,0.15477,0.038,-0.031,0.22293,,4,46.9,1.5,1.5,0,7.0,1,0,1,1.5,2.0,0,3.5,2.0,0,0.0,2.0
KALYANKJIL,Kalyan Jewellers India Limited,Consumer Cyclical,13.5,2.0,10,1.5,0.0,26.371647,6.660667,,0.24305001,0.669,1.17,0.03778,96.966,2,18.5,0.0,0.0,0,2.0,5,5,10,1.5,0.0,0,1.5,0.0,0,0.0,0.0
TDPOWERSYS,TD Power Systems Limited,Industrials,13.5,0.0,9,3.0,1.5,82.27243,18.316349,,0.24716999,0.715,0.365,0.12717,1.689,0,-86.4,0.0,0.0,0,0.0,5,4,9,1.5,1.5,0,3.0,0.0,1,0.5,1.5
VEDL,Vedanta Limited,Basic Materials,13.5,4.0,5,3.5,1.0,18.810583,3.2804484,,0.20403999,-0.413,0.922,0.22681999,48.044,2,18.7,0.0,0.0,2,4.0,0,5,5,1.5,2.0,0,3.5,0.0,1,0.0,1.0
WIPRO,Wipro Limited,Technology,13.5,7.0,1,3.0,2.5,15.526651,2.2797039,1.31,0.15487,0.077,-0.016,0.14248,22.853,4,47.1,1.0,1.0,1,7.0,1,0,1,1.5,1.5,0,3.0,0.0,1,1.5,2.5
MAHSEAMLES,Maharashtra Seamless Limited,Basic Materials,13.5,7.0,3,1.5,2.0,10.015149,1.28191,,,-0.226,0.305,0.17288,0.151,4,56.7,1.0,0.0,2,7.0,0,3,3,0.0,1.5,0,1.5,2.0,0,0.0,2.0
VEDL,Vedanta Limited,Basic Materials,13.5,4.0,5,3.5,1.0,18.810583,3.2804484,,0.20403999,-0.413,0.922,0.22681999,48.044,2,18.7,0.0,0.0,2,4.0,0,5,5,1.5,2.0,0,3.5,0.0,1,0.0,1.0
KIRIINDUS,Kiri Industries Limited,Basic Materials,13.0,6.0,5,2.0,0.0,0.4807085,0.6649841,,,-0.028,29.226,6.25453,37.3,4,97.9,2.0,0.0,0,6.0,0,5,5,0.0,2.0,0,2.0,0.0,0,0.0,0.0
JKTYRE,JK Tyre & Industries Limited,Consumer Cyclical,13.0,6.0,7,0.0,0.0,14.543796,1.8754117,,,0.15,2.878,0.04303,89.667,4,55.1,1.0,0.0,1,6.0,2,5,7,0.0,0.0,0,0.0,0.0,0,0.0,0.0
INFY,Infosys Limited,Technology,13.0,4.0,3,4.5,1.5,15.588696,5.2420063,2.09,0.31439,0.066,0.118,0.16434999,9.827,4,46.9,0.0,0.0,0,4.0,1,2,3,2.0,1.5,1,4.5,0.0,1,0.5,1.5
AUBANK,AU Small Finance Bank Limited,Financial Services,13.0,0.0,9,2.0,2.0,27.72896,3.6368606,,,0.371,0.626,0.21372999,,0,-41.4,0.0,0.0,0,0.0,4,5,9,0.0,2.0,0,2.0,2.0,0,0.0,2.0
SATIA,Satia Industries Limited,Basic Materials,13.0,8.0,5,0.0,0.0,9.009929,0.60356706,,,0.012,0.414,0.04832,27.735,4,61.0,2.0,0.0,2,8.0,1,4,5,0.0,0.0,0,0.0,0.0,0,0.0,0.0
FEDERALBNK,The Federal Bank Limited,Financial Services,13.0,3.0,5,3.0,2.0,16.386507,1.9403541,,0.11731,0.123,0.222,0.29906,,2,16.5,1.0,0.0,0,3.0,2,3,5,1.0,2.0,0,3.0,2.0,0,0.0,2.0
NAVNETEDUL,Navneet Education Limited,Communication Services,13.0,6.0,5,2.0,0.0,9.487316,1.638403,,,-0.115,10.938,0.20955,5.146,4,57.2,1.0,0.0,1,6.0,0,5,5,0.0,2.0,0,2.0,0.0,0,0.0,0.0
WABAG,VA Tech Wabag Limited,Industrials,13.0,4.0,8,1.0,0.0,25.68182,3.7216935,,,0.185,0.733,0.092700005,10.322,4,41.8,0.0,0.0,0,4.0,3,5,8,0.0,1.0,0,1.0,0.0,0,0.0,0.0
NIITLTD,NIIT Limited,Consumer Defensive,13.0,6.0,4,0.0,3.0,37.982037,0.8184833,,0.00569,0.255,,0.011569999,0.65,2,12.9,2.0,0.0,2,6.0,4,0,4,0.0,0.0,0,0.0,1.0,1,1.0,3.0
SOMANYCERA,Somany Ceramics Limited,Industrials,12.5,5.0,6,0.0,1.5,33.170574,2.7355638,,0.08397,0.068,0.768,0.02898,40.692,3,24.9,1.0,0.0,1,5.0,1,5,6,0.0,0.0,0,0.0,0.0,0,1.5,1.5
STARCEMENT,Star Cement Limited,Basic Materials,12.5,3.0,8,1.5,0.0,23.061405,2.8257804,,,0.224,7.409,0.10086001,21.388,1,0.3,1.0,0.0,1,3.0,3,5,8,0.0,1.5,0,1.5,0.0,0,0.0,0.0
ADANIPORTS,Adani Ports and Special Economic Zone Limited,Industrials,12.5,4.0,5,3.5,0.0,30.247084,4.2247953,,0.15592,0.265,0.036,0.33060002,64.051,4,31.5,0.0,0.0,0,4.0,4,1,5,1.5,2.0,0,3.5,0.0,0,0.0,0.0
INDUSTOWER,Indus Towers Limited,Communication Services,12.5,5.0,2,3.5,2.0,15.892989,2.8649733,,0.19806999,0.048,0.008,0.21989,53.289,3,28.3,1.0,0.0,1,5.0,1,1,2,1.5,2.0,0,3.5,0.0,1,1.0,2.0
STAR,Strides Pharma Science Limited,Healthcare,12.5,4.0,7,1.5,0.0,19.109896,3.855028,,,0.119,0.544,0.10823,55.821,4,54.8,0.0,0.0,0,4.0,2,5,7,0.0,1.5,0,1.5,0.0,0,0.0,0.0
POONAWALLA,Poonawalla Fincorp Limited,Financial Services,12.5,0.0,10,1.5,1.0,59.397945,3.2517908,,,0.674,2.877,0.13774,470.362,0,-202.8,0.0,0.0,0,0.0,5,5,10,0.0,1.5,0,1.5,0.0,1,0.0,1.0
JUSTDIAL,Just Dial Limited,Communication Services,12.5,6.0,1,3.0,2.5,8.766467,0.8533642,,0.102340005,0.062,-0.365,0.40945,1.655,4,60.4,2.0,0.0,0,6.0,1,0,1,1.0,2.0,0,3.0,0.0,1,1.5,2.5
NAM-INDIA,Nippon Life India Asset Management Limited,Financial Services,12.5,0.0,6,5.0,1.5,45.836506,14.794864,,0.34476003,0.196,0.273,0.52143,1.617,0,-133.7,0.0,0.0,0,0.0,3,3,6,2.0,2.0,1,5.0,0.0,1,0.5,1.5
METROPOLIS,Metropolis Healthcare Limited,Healthcare,12.5,0.0,9,2.5,1.0,55.407608,7.371443,,0.13373,0.254,0.73,0.113690004,15.212,0,-31.2,0.0,0.0,0,0.0,4,5,9,1.0,1.5,0,2.5,0.0,0,1.0,1.0
METROPOLIS,Metropolis Healthcare Limited,Healthcare,12.5,0.0,9,2.5,1.0,55.407608,7.371443,,0.13373,0.254,0.73,0.113690004,15.212,0,-31.2,0.0,0.0,0,0.0,4,5,9,1.0,1.5,0,2.5,0.0,0,1.0,1.0
KELLTONTEC,Kellton Tech Solutions Limited,Technology,12.0,7.0,4,1.0,0.0,8.763005,1.1838201,,,0.104,0.106,0.076799996,21.666,4,70.1,1.0,0.0,2,7.0,2,2,4,0.0,1.0,0,1.0,0.0,0,0.0,0.0
PERSISTENT,Persistent Systems Limited,Technology,12.0,0.0,7,3.5,1.5,42.695934,10.112556,3.35,0.26349002,0.251,0.321,0.12646,6.092,0,-45.5,0.0,0.0,0,0.0,4,3,7,2.0,1.5,0,3.5,0.0,1,0.5,1.5
LICHSGFIN,LIC Housing Finance Limited,Financial Services,12.0,6.0,2,3.0,1.0,5.33137,0.7754451,,0.14409,0.044,0.086,0.65779,642.522,4,72.8,2.0,0.0,0,6.0,1,1,2,1.0,2.0,0,3.0,0.0,1,0.0,1.0
PATELENG,Patel Engineering Limited,Industrials,12.0,9.0,0,1.0,2.0,9.010527,0.5676016,1.26,0.0655,-0.097,-0.023,0.051090002,27.377,4,79.6,2.0,1.0,2,9.0,0,0,0,0.0,1.0,0,1.0,0.0,0,2.0,2.0
ASTERDM,Aster DM Healthcare Limited,Healthcare,12.0,0.0,8,2.0,2.0,116.65109,8.53214,,0.10067,0.182,0.715,0.08359,45.921,0,-176.2,0.0,0.0,0,0.0,3,5,8,1.0,1.0,0,2.0,0.0,1,1.0,2.0
GODREJAGRO,Godrej Agrovet Limited,Consumer Defensive,12.0,4.0,5,1.5,1.5,23.279789,5.419594,,0.18681,0.083,0.482,0.04634,72.751,4,46.6,0.0,0.0,0,4.0,1,4,5,1.5,0.0,0,1.5,0.0,0,1.5,1.5
PERSISTENT,Persistent Systems Limited,Technology,12.0,0.0,7,3.5,1.5,42.695934,10.112556,3.35,0.26349002,0.251,0.321,0.12646,6.092,0,-45.5,0.0,0.0,0,0.0,4,3,7,2.0,1.5,0,3.5,0.0,1,0.5,1.5
SONATSOFTW,Sonata Software Limited,Technology,12.0,5.0,4,2.0,1.0,15.884639,3.8650608,,0.25724,0.009,0.218,0.04298,37.962,4,45.9,0.0,0.0,1,5.0,1,3,4,2.0,0.0,0,2.0,0.0,0,1.0,1.0
NHPC,NHPC Limited,Utilities,12.0,2.0,8,2.0,0.0,28.541515,1.9197707,,0.09021,0.192,0.706,0.32421002,113.111,1,3.9,1.0,0.0,0,2.0,3,5,8,0.0,2.0,0,2.0,0.0,0,0.0,0.0
PETRONET,Petronet LNG Limited,Energy,12.0,4.5,3,2.5,2.0,10.162897,1.883395,,0.18559,-0.233,0.253,0.089949995,10.507,1,9.6,1.5,0.0,2,4.5,0,3,3,1.5,1.0,0,2.5,0.0,1,1.0,2.0
PSPPROJECT,PSP Projects Limited,Industrials,12.0,1.0,10,1.0,0.0,74.27124,2.4412415,,,0.657,2.211,0.0863,26.131,0,-68.3,1.0,0.0,0,1.0,5,5,10,0.0,1.0,0,1.0,0.0,0,0.0,0.0
DBL,Dilip Buildcon Limited,Industrials,12.0,8.0,0,3.0,1.0,5.0993147,0.84174764,,0.22893,-0.238,-0.722,0.1371,115.513,4,88.4,2.0,0.0,2,8.0,0,0,0,1.5,1.5,0,3.0,0.0,1,0.0,1.0
LICI,Life Insurance Corporation of India,Financial Services,12.0,6.0,3,1.0,2.0,9.587162,4.172899,,,0.161,,0.05973,,4,51.1,0.0,0.0,2,6.0,3,0,3,0.0,1.0,0,1.0,2.0,0,0.0,2.0
GNFC,Gujarat Narmada Valley Fertilizers & Chemicals Limited,Basic Materials,12.0,8.0,1,1.0,2.0,9.688978,0.90525806,,,0.051,-0.08,0.08185001,0.15,4,58.1,2.0,0.0,2,8.0,1,0,1,0.0,1.0,0,1.0,2.0,0,0.0,2.0
PFC,Power Finance Corporation Limited,Financial Services,12.0,5.5,2,3.5,1.0,5.4994903,1.0719599,,0.20466,-0.154,0.108,0.54304004,586.017,4,72.0,1.5,0.0,0,5.5,0,2,2,1.5,2.0,0,3.5,0.0,1,0.0,1.0
MAHLIFE,Mahindra Lifespace Developers Limited,Real Estate,12.0,4.0,5,3.0,0.0,22.657534,1.9458365,,0.10797,71.47,-0.195,0.25301,18.26,3,24.9,1.0,0.0,0,4.0,5,0,5,1.0,2.0,0,3.0,0.0,0,0.0,0.0
MARUTI,Maruti Suzuki India Limited,Consumer Cyclical,12.0,3.5,4,2.0,2.5,27.72701,3.8013453,0.77,0.14434,0.282,-0.064,0.08008,0.096,2,14.4,0.0,1.5,0,3.5,4,0,4,1.0,1.0,0,2.0,2.0,0,0.5,2.5
FSL,Firstsource Solutions Limited,Technology,12.0,2.0,6,2.5,1.5,24.450506,3.828246,,0.159,0.195,0.279,0.07057,66.635,2,16.7,0.0,0.0,0,2.0,3,3,6,1.5,1.0,0,2.5,0.0,0,1.5,1.5
PHOENIXLTD,The Phoenix Mills Limited,Real Estate,12.0,0.0,8,3.0,1.0,49.180237,5.70654,,0.11056,0.337,0.5,0.27671,37.211,0,-63.0,0.0,0.0,0,0.0,4,4,8,1.0,2.0,0,3.0,0.0,0,1.0,1.0
CSBBANK,CSB Bank Limited,Financial Services,12.0,5.0,2,3.0,2.0,9.753425,1.2618341,,0.13483,0.079,0.058,0.2378,,4,50.3,1.0,0.0,0,5.0,1,1,2,1.0,2.0,0,3.0,2.0,0,0.0,2.0
ACC,ACC Limited,Basic Materials,12.0,6.0,3,2.0,1.0,11.973047,1.2418338,2.33,0.109280005,0.178,-0.683,0.082320005,2.085,4,48.2,1.0,0.0,1,6.0,3,0,3,1.0,1.0,0,2.0,0.0,1,0.0,1.0
TITAN,Titan Company Limited,Consumer Cyclical,12.0,0.0,9,3.0,0.0,71.81373,28.411728,,0.37127998,0.805,0.351,0.057919998,195.001,0,-121.8,0.0,0.0,0,0.0,5,4,9,2.0,1.0,0,3.0,0.0,0,0.0,0.0
PHOENIXLTD,The Phoenix Mills Limited,Real Estate,12.0,0.0,8,3.0,1.0,49.180237,5.70654,,0.11056,0.337,0.5,0.27671,37.211,0,-63.0,0.0,0.0,0,0.0,4,4,8,1.0,2.0,0,3.0,0.0,0,1.0,1.0
SOBHA,Sobha Limited,Real Estate,12.0,0.0,10,0.0,2.0,104.18919,3.1434462,,0.04168,0.602,1.243,0.03726,21.83,0,-245.3,0.0,0.0,0,0.0,5,5,10,0.0,0.0,0,0.0,0.0,0,2.0,2.0
TIMETECHNO,Time Technoplast Limited,Consumer Cyclical,12.0,6.0,5,1.0,0.0,17.594456,2.5556252,,,0.128,0.239,0.07563,21.955,4,45.7,1.0,0.0,1,6.0,2,3,5,0.0,1.0,0,1.0,0.0,0,0.0,0.0
AXISBANK,Axis Bank Limited,Financial Services,11.5,5.5,1,3.0,2.0,14.668326,1.789146,0.54,0.13152,-0.112,0.064,0.35406,,3,25.2,1.0,1.5,0,5.5,0,1,1,1.0,2.0,0,3.0,2.0,0,0.0,2.0
IEX,Indian Energy Exchange Limited,Financial Services,11.5,0.0,3,5.0,3.5,22.609009,8.229816,,0.39419997,0.125,0.098,0.65990996,0.818,0,-15.3,0.0,0.0,0,0.0,2,1,3,2.0,2.0,1,5.0,1.0,1,1.5,3.5
TATASTEEL,Tata Steel Limited,Basic Materials,11.5,2.0,7,1.0,1.5,28.513622,2.745831,,0.11156999,0.125,1.254,0.0465,89.016,0,-23.3,1.0,0.0,1,2.0,2,5,7,1.0,0.0,0,1.0,0.0,0,1.5,1.5
VESUVIUS,Vesuvius India Limited,Industrials,11.5,2.0,4,3.0,2.5,37.25039,5.8306775,,0.17066,0.083,0.339,0.12549,0.826,2,15.6,0.0,0.0,0,2.0,1,3,4,1.5,1.5,0,3.0,1.0,1,0.5,2.5
UNIONBANK,Union Bank of India,Financial Services,11.5,6.0,0,3.5,2.0,6.2459726,0.926022,,0.15708,,,0.35658002,,4,68.2,2.0,0.0,0,6.0,0,0,0,1.5,2.0,0,3.5,2.0,0,0.0,2.0
BAJFINANCE,Bajaj Finance Limited,Financial Services,11.5,0.0,7,3.5,1.0,30.290258,5.0364833,,0.17907,0.268,0.214,0.43383998,313.407,0,-54.4,0.0,0.0,0,0.0,4,3,7,1.5,2.0,0,3.5,0.0,1,0.0,1.0
INDIANHUME,The Indian Hume Pipe Company Limited,Industrials,11.5,7.0,0,1.5,3.0,2.5906646,1.1414306,,0.09864,-0.076,-0.954,0.104499996,28.091,4,94.1,1.0,0.0,2,7.0,0,0,0,0.0,1.5,0,1.5,0.0,1,2.0,3.0
UNIONBANK,Union Bank of India,Financial Services,11.5,6.0,0,3.5,2.0,6.2459726,0.926022,,0.15708,,,0.35658002,,4,68.2,2.0,0.0,0,6.0,0,0,0,1.5,2.0,0,3.5,2.0,0,0.0,2.0
IDBI,IDBI Bank Limited,Financial Services,11.5,6.5,0,3.0,2.0,8.513888,1.1515341,0.51,0.14152999,,,0.43376,,4,56.6,1.0,1.5,0,6.5,0,0,0,1.0,2.0,0,3.0,2.0,0,0.0,2.0
SAREGAMA,Saregama India Limited,Communication Services,11.5,0.0,6,3.0,2.5,36.679104,4.5436163,,0.12567,0.232,0.241,0.20165001,4.281,0,-65.6,0.0,0.0,0,0.0,3,3,6,1.0,2.0,0,3.0,0.0,1,1.5,2.5
HAL,Hindustan Aeronautics Limited,Industrials,11.5,3.0,2,3.5,3.0,31.796303,7.8072443,,0.23979001,0.018,0.055,0.27549,0.027,3,28.0,0.0,0.0,0,3.0,1,1,2,1.5,2.0,0,3.5,2.0,1,0.0,3.0
INDIAGLYCO,India Glycols Limited,Basic Materials,11.0,2.0,8,1.0,0.0,21.75305,2.5833066,,0.112849995,1.735,0.319,0.029779999,57.645,1,6.0,1.0,0.0,0,2.0,5,3,8,1.0,0.0,0,1.0,0.0,0,0.0,0.0
SUPREMEIND,The Supreme Industries Limited,Industrials,11.0,0.0,7,2.5,1.5,45.956795,7.096701,,0.16128999,0.165,0.475,0.085039996,1.473,0,-4.1,0.0,0.0,0,0.0,3,4,7,1.5,1.0,0,2.5,0.0,1,0.5,1.5
REDINGTON,Redington Limited,Technology,11.0,6.0,4,1.0,0.0,11.613649,1.7042322,,0.13089,0.251,-0.413,0.012510001,27.26,4,60.4,1.0,0.0,1,6.0,4,0,4,1.0,0.0,0,1.0,0.0,0,0.0,0.0
PRESTIGE,Prestige Estates Projects Limited,Real Estate,11.0,0.0,10,1.0,0.0,61.422836,3.7477005,,0.06322,1.341,11.61,0.095699996,89.294,0,-103.6,0.0,0.0,0,0.0,5,5,10,0.0,1.0,0,1.0,0.0,0,0.0,0.0
AVANTIFEED,Avanti Feeds Limited,Consumer Defensive,11.0,4.0,4,1.5,1.5,22.419954,5.736399,,,0.013,0.21,0.10572,0.441,4,48.6,0.0,0.0,0,4.0,1,3,4,0.0,1.5,0,1.5,1.5,0,0.0,1.5
FINPIPE,Finolex Industries Limited,Industrials,11.0,5.0,3,1.5,1.5,20.285362,1.7229959,,,-0.103,0.237,0.1265,0.359,4,54.0,1.0,0.0,0,5.0,0,3,3,0.0,1.5,0,1.5,1.5,0,0.0,1.5
AJANTPHARM,Ajanta Pharma Limited,Healthcare,11.0,1.0,5,3.5,1.5,38.426594,8.9629,,0.25393,0.215,0.186,0.19365999,5.747,1,9.0,0.0,0.0,0,1.0,3,2,5,2.0,1.5,0,3.5,0.0,1,0.5,1.5
MTARTECH,MTAR Technologies Limited,Industrials,11.0,0.0,10,1.0,0.0,222.69456,28.154922,,,0.593,1.173,0.084259994,25.061,0,-404.5,0.0,0.0,0,0.0,5,5,10,0.0,1.0,0,1.0,0.0,0,0.0,0.0
VAIBHAVGBL,Vaibhav Global Limited,Consumer Cyclical,11.0,5.0,5,1.0,0.0,17.717743,2.534259,,,0.091,0.404,0.05797,15.726,4,45.3,1.0,0.0,0,5.0,1,4,5,0.0,1.0,0,1.0,0.0,0,0.0,0.0
SHREEPUSHK,Shree Pushkar Chemicals & Fertilisers Limited,Basic Materials,11.0,6.0,4,1.0,0.0,15.858895,2.0241964,,,0.146,0.132,0.075440004,26.764,4,31.4,1.0,0.0,1,6.0,2,2,4,0.0,1.0,0,1.0,0.0,0,0.0,0.0
SFL,Sheela Foam Limited,Consumer Cyclical,11.0,1.0,9,0.0,1.0,71.84178,2.071608,,0.05061,0.258,3.212,0.04119,27.85,0,-121.9,1.0,0.0,0,1.0,4,5,9,0.0,0.0,0,0.0,0.0,0,1.0,1.0
GUJGASLTD,Gujarat Gas Limited,Utilities,11.0,4.0,6,1.0,0.0,22.294256,2.968841,,,0.211,0.326,0.07541,118.64,3,24.9,1.0,0.0,0,4.0,3,3,6,0.0,1.0,0,1.0,0.0,0,0.0,0.0
NMDC,NMDC Limited,Basic Materials,11.0,6.0,3,2.0,0.0,11.340127,2.411355,,,0.159,-0.065,0.24884,11.21,4,51.0,1.0,0.0,1,6.0,3,0,3,0.0,2.0,0,2.0,0.0,0,0.0,0.0
NMDC,NMDC Limited,Basic Materials,11.0,6.0,3,2.0,0.0,11.340127,2.411355,,,0.159,-0.065,0.24884,11.21,4,51.0,1.0,0.0,1,6.0,3,0,3,0.0,2.0,0,2.0,0.0,0,0.0,0.0
GREAVESCOT,Greaves Cotton Limited,Industrials,11.0,5.0,6,0.0,0.0,37.375,2.8188884,0.14,,0.166,0.225,0.03334,12.328,2,15.3,1.0,2.0,0,5.0,3,3,6,0.0,0.0,0,0.0,0.0,0,0.0,0.0
NESTLEIND,Nestlé India Limited,Consumer Defensive,11.0,0.0,6,4.5,0.5,78.73487,53.52429,,0.76338995,0.238,0.274,0.15112,8.613,0,-80.6,0.0,0.0,0,0.0,3,3,6,2.0,1.5,1,4.5,0.0,0,0.5,0.5
SBC,SBC Exports Limited,Industrials,11.0,0.0,10,1.0,0.0,92.73685,23.651009,,,0.5,2.274,0.07017,281.519,0,-110.1,0.0,0.0,0,0.0,5,5,10,0.0,1.0,0,1.0,0.0,0,0.0,0.0
HDFCBANK,HDFC Bank Limited,Financial Services,10.5,4.5,1,3.0,2.0,17.015175,2.0761514,0.89,0.13818,-0.018,0.075,0.26834,,2,13.3,1.0,1.5,0,4.5,0,1,1,1.0,2.0,0,3.0,2.0,0,0.0,2.0
CYIENT,Cyient Limited,Industrials,10.5,6.0,1,1.0,2.5,23.635065,1.7693876,93.13,0.077659994,0.009,-0.679,0.058870003,6.995,4,46.5,1.0,0.0,1,6.0,1,0,1,0.0,1.0,0,1.0,0.0,1,1.5,2.5
CYIENT,Cyient Limited,Industrials,10.5,6.0,1,1.0,2.5,23.635065,1.7693876,93.13,0.077659994,0.009,-0.679,0.058870003,6.995,4,46.5,1.0,0.0,1,6.0,1,0,1,0.0,1.0,0,1.0,0.0,1,1.5,2.5
MGL,Mahanagar Gas Limited,Utilities,10.5,7.0,2,1.5,0.0,12.36558,1.6756657,,,0.115,-0.091,0.116809994,3.545,4,58.4,1.0,0.0,2,7.0,2,0,2,0.0,1.5,0,1.5,0.0,0,0.0,0.0
INDUSINDBK,IndusInd Bank Limited,Financial Services,10.5,2.5,5,1.0,2.0,78.393166,1.0604814,0.72,0.01362,2.727,,0.05158,,0,-299.6,1.0,1.5,0,2.5,5,0,5,0.0,1.0,0,1.0,2.0,0,0.0,2.0
OIL,Oil India Limited,Energy,10.5,2.0,6,2.5,0.0,12.329811,1.4068274,,0.12743,0.052,0.604,0.19500999,58.741,0,-9.6,1.0,0.0,1,2.0,1,5,6,1.0,1.5,0,2.5,0.0,0,0.0,0.0
POWERGRID,Power Grid Corporation of India Limited,Utilities,10.5,6.0,1,3.5,0.0,14.848334,2.8029401,,0.16492,-0.05,0.096,0.34083,150.993,4,50.0,1.0,0.0,1,6.0,0,1,1,1.5,2.0,0,3.5,0.0,0,0.0,0.0
MARICO,Marico Limited,Consumer Defensive,10.5,1.0,5,3.5,1.0,61.181015,25.401749,1.02,0.41393003,0.221,0.145,0.12945,12.394,0,-40.3,0.0,1.0,0,1.0,3,2,5,2.0,1.5,0,3.5,0.0,0,1.0,1.0
MARICO,Marico Limited,Consumer Defensive,10.5,1.0,5,3.5,1.0,61.181015,25.401749,1.02,0.41393003,0.221,0.145,0.12945,12.394,0,-40.3,0.0,1.0,0,1.0,3,2,5,2.0,1.5,0,3.5,0.0,0,1.0,1.0
ZYDUSLIFE,Zydus Lifesciences Limited,Healthcare,10.5,4.0,5,1.5,0.0,20.768446,4.051421,,,0.303,0.019,0.18929,34.305,4,50.8,0.0,0.0,0,4.0,4,1,5,0.0,1.5,0,1.5,0.0,0,0.0,0.0
ZYDUSLIFE,Zydus Lifesciences Limited,Healthcare,10.5,4.0,5,1.5,0.0,20.768446,4.051421,,,0.303,0.019,0.18929,34.305,4,50.8,0.0,0.0,0,4.0,4,1,5,0.0,1.5,0,1.5,0.0,0,0.0,0.0
PIDILITIND,Pidilite Industries Limited,Basic Materials,10.5,0.0,6,3.0,1.5,60.48193,15.512319,,0.23523001,0.141,0.37,0.16771999,3.776,0,-161.5,0.0,0.0,0,0.0,2,4,6,1.5,1.5,0,3.0,0.0,1,0.5,1.5
HAVELLS,Havells India Limited,Industrials,10.5,2.0,5,2.5,1.0,44.910713,8.008332,0.2,0.18969999,0.025,0.396,0.075040005,2.801,0,-1.7,0.0,2.0,0,2.0,1,4,5,1.5,1.0,0,2.5,0.0,1,0.0,1.0
PIDILITIND,Pidilite Industries Limited,Basic Materials,10.5,0.0,6,3.0,1.5,60.48193,15.512319,,0.23523001,0.141,0.37,0.16771999,3.776,0,-161.5,0.0,0.0,0,0.0,2,4,6,1.5,1.5,0,3.0,0.0,1,0.5,1.5
OIL,Oil India Limited,Energy,10.5,2.0,6,2.5,0.0,12.329811,1.4068274,,0.12743,0.052,0.604,0.19500999,58.741,0,-9.6,1.0,0.0,1,2.0,1,5,6,1.0,1.5,0,2.5,0.0,0,0.0,0.0
ZENTEC,Zen Technologies Limited,Industrials,10.0,0.0,7,2.0,1.0,72.4641,7.828724,,,0.168,0.378,0.31508,0.976,0,-64.2,0.0,0.0,0,0.0,3,4,7,0.0,2.0,0,2.0,1.0,0,0.0,1.0
JAMNAAUTO,Jamna Auto Industries Limited,Consumer Cyclical,10.0,3.0,6,1.0,0.0,22.781443,4.240156,,,0.187,0.327,0.080520004,14.586,3,29.6,0.0,0.0,0,3.0,3,3,6,0.0,1.0,0,1.0,0.0,0,0.0,0.0
RAIN,Rain Industries Limited,Basic Materials,10.0,7.0,3,0.0,0.0,16.952276,0.6924849,,,0.2,,0.01704,127.738,3,26.7,2.0,0.0,2,7.0,3,0,3,0.0,0.0,0,0.0,0.0,0,0.0,0.0
RAIN,Rain Industries Limited,Basic Materials,10.0,7.0,3,0.0,0.0,16.952276,0.6924849,,,0.2,,0.01704,127.738,3,26.7,2.0,0.0,2,7.0,3,0,3,0.0,0.0,0,0.0,0.0,0,0.0,0.0
ZUARI,Zuari Agro Chemicals Limited,Basic Materials,10.0,8.0,0,2.0,0.0,0.93020016,0.35480523,,,-0.786,,0.24334,34.628,4,96.0,2.0,0.0,2,8.0,0,0,0,0.0,2.0,0,2.0,0.0,0,0.0,0.0
UTTAMSUGAR,Uttam Sugar Mills Limited,Consumer Defensive,10.0,7.0,0,1.0,2.0,8.375,1.1761678,,0.11748,-0.167,-0.168,0.04538,81.154,4,80.8,1.0,0.0,2,7.0,0,0,0,1.0,0.0,0,1.0,0.0,0,2.0,2.0
YESBANK,Yes Bank Limited,Financial Services,10.0,1.0,5,2.0,2.0,19.61607,1.394832,,0.07095,0.198,0.118,0.22045,,0,0.0,1.0,0.0,0,1.0,3,2,5,0.0,2.0,0,2.0,2.0,0,0.0,2.0
RECLTD,REC Limited,Financial Services,10.0,5.5,0,3.5,1.0,5.408576,1.0540838,,0.19957,-0.144,-0.219,0.70553,607.463,4,72.4,1.5,0.0,0,5.5,0,0,0,1.5,2.0,0,3.5,0.0,1,0.0,1.0
ASHOKLEY,Ashok Leyland Limited,Industrials,10.0,5.0,4,1.0,0.0,26.840427,7.0481424,,,0.236,0.066,0.06152,327.886,4,39.2,0.0,0.0,1,5.0,3,1,4,0.0,1.0,0,1.0,0.0,0,0.0,0.0
DELTACORP,Delta Corp Limited,Consumer Cyclical,10.0,6.0,0,1.5,2.5,22.025078,0.8414674,,0.0347,-0.117,-0.901,0.12389,2.175,4,32.0,2.0,0.0,0,6.0,0,0,0,0.0,1.5,0,1.5,0.0,1,1.5,2.5
TATACONSUM,Tata Consumer Products Limited,Consumer Defensive,10.0,1.5,6,1.0,1.5,77.47281,5.894666,0.55,0.0694,0.179,0.215,0.076009996,12.159,0,-77.7,0.0,1.5,0,1.5,3,3,6,0.0,1.0,0,1.0,0.0,1,0.5,1.5
RECLTD,REC Limited,Financial Services,10.0,5.5,0,3.5,1.0,5.408576,1.0540838,,0.19957,-0.144,-0.219,0.70553,607.463,4,72.4,1.5,0.0,0,5.5,0,0,0,1.5,2.0,0,3.5,0.0,1,0.0,1.0
JYOTHYLAB,Jyothy Labs Limited,Consumer Defensive,10.0,4.0,1,3.0,2.0,22.755102,5.4098573,,0.18316999,0.042,-0.116,0.11316,3.247,4,47.8,0.0,0.0,0,4.0,1,0,1,1.5,1.5,0,3.0,0.0,1,1.0,2.0
YESBANK,Yes Bank Limited,Financial Services,10.0,1.0,5,2.0,2.0,19.61607,1.394832,,0.07095,0.198,0.118,0.22045,,0,0.0,1.0,0.0,0,1.0,3,2,5,0.0,2.0,0,2.0,2.0,0,0.0,2.0
NRBBEARING,NRB Bearings Limited,Consumer Cyclical,10.0,3.0,2,3.0,2.0,24.504414,3.6363363,,0.15174,0.13,,0.106920004,15.653,3,24.3,0.0,0.0,0,3.0,2,0,2,1.5,1.5,0,3.0,0.0,1,1.0,2.0
EVEREADY,Eveready Industries India Limited,Industrials,10.0,0.0,6,3.5,0.5,57.57685,3.7157626,,0.31646,0.094,12.653,0.117860004,32.396,0,-30.4,0.0,0.0,0,0.0,1,5,6,2.0,1.5,0,3.5,0.0,0,0.5,0.5
HUDCO,Housing and Urban Development Corporation Limited,Financial Services,10.0,5.0,3,2.0,0.0,10.025298,2.2407372,,,0.161,-0.03,0.61524,705.764,4,48.9,1.0,0.0,0,5.0,3,0,3,0.0,2.0,0,2.0,0.0,0,0.0,0.0
MPHASIS,Mphasis Limited,Technology,10.0,2.0,4,3.0,1.0,23.542196,4.162059,2.4,0.18285999,0.144,0.14,0.11729,24.383,2,19.8,0.0,0.0,0,2.0,2,2,4,1.5,1.5,0,3.0,0.0,0,1.0,1.0
BEL,Bharat Electronics Limited,Industrials,10.0,0.0,6,2.0,2.0,51.89571,14.348963,,,0.24,0.207,0.22475,0.273,0,-17.6,0.0,0.0,0,0.0,3,3,6,0.0,2.0,0,2.0,2.0,0,0.0,2.0
MOTILALOFS,Motilal Oswal Financial Services Limited,Financial Services,9.5,0.0,5,3.5,1.0,25.88835,3.959417,,0.1555,1.523,,0.23452999,164.419,0,-32.0,0.0,0.0,0,0.0,5,0,5,1.5,2.0,0,3.5,0.0,1,0.0,1.0
KEI,KEI Industries Limited,Industrials,9.5,0.0,6,2.0,1.5,52.84808,7.289981,,0.14753,0.187,0.255,0.07818,3.796,0,-19.7,0.0,0.0,0,0.0,3,3,6,1.0,1.0,0,2.0,0.0,1,0.5,1.5
KEI,KEI Industries Limited,Industrials,9.5,0.0,6,2.0,1.5,52.84808,7.289981,,0.14753,0.187,0.255,0.07818,3.796,0,-19.7,0.0,0.0,0,0.0,3,3,6,1.0,1.0,0,2.0,0.0,1,0.5,1.5
TECHM,Tech Mahindra Limited,Technology,9.5,1.0,4,2.5,2.0,27.068264,4.726756,1.86,0.16608,0.126,0.159,0.084680006,7.269,1,7.7,0.0,0.0,0,1.0,2,2,4,1.5,1.0,0,2.5,0.0,1,1.0,2.0
TRENT,Trent Limited,Consumer Cyclical,9.5,0.0,6,3.0,0.5,84.10002,20.713068,,0.27126,0.192,0.258,0.08566,36.034,0,-159.8,0.0,0.0,0,0.0,3,3,6,2.0,1.0,0,3.0,0.0,0,0.5,0.5
CGPOWER,CG Power and Industrial Solutions Limited,Industrials,9.5,0.0,6,2.5,1.0,106.69271,16.195597,,0.19561,0.25,0.305,0.09714,1.444,0,-141.7,0.0,0.0,0,0.0,3,3,6,1.5,1.0,0,2.5,0.0,1,0.0,1.0
KIRLOSENG,Kirloskar Oil Engines Limited,Industrials,9.5,1.0,6,2.5,0.0,42.462917,7.152088,,0.16819,0.215,0.212,0.0739,150.325,1,3.8,0.0,0.0,0,1.0,3,3,6,1.5,1.0,0,2.5,0.0,0,0.0,0.0
TECHM,Tech Mahindra Limited,Technology,9.5,1.0,4,2.5,2.0,27.068264,4.726756,1.86,0.16608,0.126,0.159,0.084680006,7.269,1,7.7,0.0,0.0,0,1.0,2,2,4,1.5,1.0,0,2.5,0.0,1,1.0,2.0
LT,Larsen & Toubro Limited,Industrials,9.5,4.0,2,2.5,1.0,33.584583,4.9353657,1.06,0.16951999,0.117,-0.345,0.05515,97.64,3,23.9,0.0,1.0,0,4.0,2,0,2,1.5,1.0,0,2.5,0.0,0,1.0,1.0
SUPRIYA,Supriya Lifescience Limited,Healthcare,9.5,3.0,3,2.0,1.5,31.450565,5.3918324,,,0.112,0.06,0.25191998,0.484,3,25.5,0.0,0.0,0,3.0,2,1,3,0.0,2.0,0,2.0,1.5,0,0.0,1.5
TRENT,Trent Limited,Consumer Cyclical,9.5,0.0,6,3.0,0.5,84.10002,20.713068,,0.27126,0.192,0.258,0.08566,36.034,0,-159.8,0.0,0.0,0,0.0,3,3,6,2.0,1.0,0,3.0,0.0,0,0.5,0.5
RAILTEL,RailTel Corporation of India Limited,Communication Services,9.5,0.0,7,2.5,0.0,31.818184,4.4667544,,0.16254,0.276,0.253,0.08096,2.817,0,-43.6,0.0,0.0,0,0.0,4,3,7,1.5,1.0,0,2.5,0.0,0,0.0,0.0
PNCINFRA,PNC Infratech Limited,Industrials,9.5,8.0,0,1.5,0.0,6.8819,0.8306799,,,-0.183,-0.057,0.14596,76.537,4,84.4,2.0,0.0,2,8.0,0,0,0,0.0,1.5,0,1.5,0.0,0,0.0,0.0
MARKSANS,Marksans Pharma Limited,Healthcare,9.5,5.0,3,1.5,0.0,27.949686,3.742694,1.12,,0.106,0.082,0.12853,12.238,4,33.8,0.0,1.0,0,5.0,2,1,3,0.0,1.5,0,1.5,0.0,0,0.0,0.0
USHAMART,Usha Martin Limited,Basic Materials,9.5,0.0,5,3.0,1.5,32.794838,4.337253,,0.16228001,0.093,0.458,0.12625,6.922,0,-41.8,0.0,0.0,0,0.0,1,4,5,1.5,1.5,0,3.0,0.0,1,0.5,1.5
SHILPAMED,Shilpa Medicare Limited,Healthcare,9.5,0.0,8,1.5,0.0,42.599648,3.864884,,,0.283,0.452,0.10467,24.328,0,-0.9,0.0,0.0,0,0.0,4,4,8,0.0,1.5,0,1.5,0.0,0,0.0,0.0
HCLTECH,HCL Technologies Limited,Technology,9.5,4.0,1,3.0,1.5,19.227259,4.262746,2.39,0.23357001,0.053,-0.002,0.128,6.935,4,34.5,0.0,0.0,0,4.0,1,0,1,1.5,1.5,0,3.0,0.0,1,0.5,1.5
HINDALCO,Hindalco Industries Limited,Basic Materials,9.0,6.0,2,1.0,0.0,14.511353,1.7255826,,,0.139,-0.451,0.06143,57.571,4,37.3,1.0,0.0,1,6.0,2,0,2,0.0,1.0,0,1.0,0.0,0,0.0,0.0
NLCINDIA,NLC India Limited,Utilities,9.0,6.0,0,3.0,0.0,14.1027155,2.2825568,,0.15966,-0.003,-0.127,0.19073,82.0,4,52.5,1.0,0.0,1,6.0,0,0,0,1.5,1.5,0,3.0,0.0,0,0.0,0.0
INDHOTEL,The Indian Hotels Company Limited,Consumer Cyclical,9.0,0.0,4,3.5,1.5,44.52592,8.030881,,0.16430001,0.145,0.147,0.20903999,18.987,0,-37.5,0.0,0.0,0,0.0,2,2,4,1.5,2.0,0,3.5,0.0,1,0.5,1.5
UPL,UPL Limited,Basic Materials,9.0,2.0,6,0.0,1.0,28.373655,1.5406735,,0.05614,0.177,0.332,0.03708,57.128,0,-22.7,1.0,0.0,1,2.0,3,3,6,0.0,0.0,0,0.0,0.0,0,1.0,1.0
PNBGILTS,PNB Gilts Ltd.,Financial Services,9.0,6.0,0,3.0,0.0,7.9623384,0.84796023,,0.1116,-0.033,-0.827,0.46977,1480.222,4,59.4,2.0,0.0,0,6.0,0,0,0,1.0,2.0,0,3.0,0.0,0,0.0,0.0
HATHWAY,Hathway Cable and Datacom Limited,Communication Services,9.0,5.0,1,0.0,3.0,22.021738,0.42840227,,0.01858,0.064,-0.696,0.03829,0.212,1,0.6,2.0,0.0,2,5.0,1,0,1,0.0,0.0,0,0.0,2.0,1,0.0,3.0
DRREDDY,Dr. Reddy's Laboratories Limited,Healthcare,9.0,5.0,0,2.5,1.5,26.53418,2.9522188,3.87,0.11835,-0.116,-0.862,0.12755999,20.328,4,37.2,1.0,0.0,0,5.0,0,0,0,1.0,1.5,0,2.5,0.0,1,0.5,1.5
UPL,UPL Limited,Basic Materials,9.0,2.0,6,0.0,1.0,28.373655,1.5406735,,0.05614,0.177,0.332,0.03708,57.128,0,-22.7,1.0,0.0,1,2.0,3,3,6,0.0,0.0,0,0.0,0.0,0,1.0,1.0
DABUR,Dabur India Limited,Consumer Defensive,9.0,1.0,3,3.0,2.0,42.397003,7.026691,3.16,0.16239999,0.073,0.152,0.14364,10.907,1,2.8,0.0,0.0,0,1.0,1,2,3,1.5,1.5,0,3.0,0.0,1,1.0,2.0
POLYCAB,Polycab India Limited,Industrials,9.0,0.0,5,2.5,1.5,51.87985,11.486955,,0.24580999,0.269,0.08,0.09251001,2.558,0,-17.5,0.0,0.0,0,0.0,4,1,5,1.5,1.0,0,2.5,0.0,1,0.5,1.5
JAGRAN,Jagran Prakashan Limited,Communication Services,9.0,8.0,0,1.0,0.0,8.916556,0.75524193,,,-0.077,-0.135,0.0871,9.556,4,59.7,2.0,0.0,2,8.0,0,0,0,0.0,1.0,0,1.0,0.0,0,0.0,0.0
EMAMILTD,Emami Limited,Consumer Defensive,9.0,4.0,3,2.0,0.0,23.903845,6.476753,,,0.098,0.146,0.20806,2.457,4,45.2,0.0,0.0,0,4.0,1,2,3,0.0,2.0,0,2.0,0.0,0,0.0,0.0
EMAMILTD,Emami Limited,Consumer Defensive,9.0,4.0,3,2.0,0.0,23.903845,6.476753,,,0.098,0.146,0.20806,2.457,4,45.2,0.0,0.0,0,4.0,1,2,3,0.0,2.0,0,2.0,0.0,0,0.0,0.0
MOLDTKPAC,Mold-Tek Packaging Limited,Consumer Cyclical,9.0,1.0,6,2.0,0.0,30.642366,3.2400403,,0.10976,0.174,0.268,0.08219,31.851,1,5.4,0.0,0.0,0,1.0,3,3,6,1.0,1.0,0,2.0,0.0,0,0.0,0.0
BRITANNIA,Britannia Industries Limited,Consumer Defensive,9.0,0.0,4,4.5,0.5,51.62505,25.550854,,0.53314,0.079,0.211,0.13229,26.875,0,-18.4,0.0,0.0,0,0.0,1,3,4,2.0,1.5,1,4.5,0.0,0,0.5,0.5
INDHOTEL,The Indian Hotels Company Limited,Consumer Cyclical,9.0,0.0,4,3.5,1.5,44.52592,8.030881,,0.16430001,0.145,0.147,0.20903999,18.987,0,-37.5,0.0,0.0,0,0.0,2,2,4,1.5,2.0,0,3.5,0.0,1,0.5,1.5
KECL,Kirloskar Electric Company Limited,Industrials,9.0,0.0,9,0.0,0.0,66.459625,5.6884637,,,0.264,5.889,0.01918,83.428,0,-50.6,0.0,0.0,0,0.0,4,5,9,0.0,0.0,0,0.0,0.0,0,0.0,0.0
IDEA,Vodafone Idea Limited,Communication Services,9.0,4.0,1,2.0,2.0,4.2118382,-1.7759097,,,0.032,,0.77143997,,4,81.0,0.0,0.0,0,4.0,1,0,1,0.0,2.0,0,2.0,2.0,0,0.0,2.0
MANAPPURAM,Manappuram Finance Limited,Financial Services,9.0,1.0,5,2.0,1.0,26.902729,1.6444142,,0.06968,1.093,,0.23985,360.191,0,-37.1,1.0,0.0,0,1.0,5,0,5,0.0,2.0,0,2.0,0.0,1,0.0,1.0
VISAKAIND,Visaka Industries Limited,Industrials,9.0,8.0,1,0.0,0.0,10.506494,0.80137795,,,0.046,,0.03689,53.394,4,76.2,2.0,0.0,2,8.0,1,0,1,0.0,0.0,0,0.0,0.0,0,0.0,0.0
TATAELXSI,Tata Elxsi Limited,Technology,9.0,0.0,4,3.0,2.0,41.462955,8.574823,,0.21298,0.058,0.278,0.16725,5.336,0,-41.3,0.0,0.0,0,0.0,1,3,4,1.5,1.5,0,3.0,0.0,1,1.0,2.0
TATAELXSI,Tata Elxsi Limited,Technology,9.0,0.0,4,3.0,2.0,41.462955,8.574823,,0.21298,0.058,0.278,0.16725,5.336,0,-41.3,0.0,0.0,0,0.0,1,3,4,1.5,1.5,0,3.0,0.0,1,1.0,2.0
TVSMOTOR,TVS Motor Company Limited,Consumer Cyclical,9.0,0.0,6,3.0,0.0,51.690804,46.696907,,0.31619,0.313,0.191,0.05381,306.09,0,-59.7,0.0,0.0,0,0.0,4,2,6,2.0,1.0,0,3.0,0.0,0,0.0,0.0
CDSL,Central Depository Services (India) Limited,Financial Services,9.0,0.0,1,4.5,3.5,55.50711,14.506573,,0.23913,0.055,-0.199,0.36830002,0.11,0,-183.0,0.0,0.0,0,0.0,1,0,1,1.5,2.0,1,4.5,2.0,1,0.5,3.5
MOIL,MOIL Limited,Basic Materials,9.0,2.0,1,2.5,3.5,20.939266,2.2338414,,0.10005,0.026,-0.199,0.18160999,,1,9.5,1.0,0.0,0,2.0,1,0,1,1.0,1.5,0,2.5,2.0,1,0.5,3.5
NBCC,NBCC (India) Limited,Industrials,9.0,2.0,5,0.0,2.0,38.46281,9.384956,,,0.095,0.392,0.049689997,0.011,2,12.9,0.0,0.0,0,2.0,1,4,5,0.0,0.0,0,0.0,2.0,0,0.0,2.0
PTC,PTC India Limited,Utilities,9.0,8.0,0,1.0,0.0,6.672753,0.9622765,,,-0.005,-0.276,0.052010003,32.871,4,77.5,2.0,0.0,2,8.0,0,0,0,0.0,1.0,0,1.0,0.0,0,0.0,0.0
MANAPPURAM,Manappuram Finance Limited,Financial Services,9.0,1.0,5,2.0,1.0,26.902729,1.6444142,,0.06968,1.093,,0.23985,360.191,0,-37.1,1.0,0.0,0,1.0,5,0,5,0.0,2.0,0,2.0,0.0,1,0.0,1.0
KCP,The KCP Limited,Basic Materials,9.0,7.0,1,1.0,0.0,13.819122,1.2622237,,,0.023,-0.032,0.0592,39.481,4,40.3,1.0,0.0,2,7.0,1,0,1,0.0,1.0,0,1.0,0.0,0,0.0,0.0
MAHLOG,Mahindra Logistics Limited,Industrials,9.0,2.0,6,0.0,1.0,1407.0,4.425976,,0.01279,0.201,0.289,0.00033,46.725,0,-3087.6,0.0,0.0,2,2.0,3,3,6,0.0,0.0,0,0.0,0.0,0,1.0,1.0
ONGC,Oil and Natural Gas Corporation Limited,Energy,9.0,5.0,3,1.0,0.0,9.808138,1.0133669,,,0.008,0.162,0.057979997,43.805,2,12.8,1.0,0.0,2,5.0,1,2,3,0.0,1.0,0,1.0,0.0,0,0.0,0.0
NEWGEN,Newgen Software Technologies Limited,Technology,9.0,3.0,1,3.0,2.0,21.56398,3.5995128,,0.18250999,0.053,-0.009,0.19092,2.214,3,26.5,0.0,0.0,0,3.0,1,0,1,1.5,1.5,0,3.0,0.0,1,1.0,2.0
BHARTIARTL,Bharti Airtel Limited,Communication Services,8.5,1.0,3,3.0,1.5,43.11627,7.5048046,,0.19358999,0.157,-0.34,0.12652999,99.718,0,-94.6,0.0,0.0,1,1.0,3,0,3,1.5,1.5,0,3.0,0.0,0,1.5,1.5
VGUARD,V-Guard Industries Limited,Industrials,8.5,0.0,5,2.0,1.5,44.56553,6.259379,,0.13793,0.141,0.231,0.051680002,6.964,0,-1.0,0.0,0.0,0,0.0,2,3,5,1.0,1.0,0,2.0,0.0,1,0.5,1.5
INTELLECT,Intellect Design Arena Limited,Technology,8.5,1.0,3,2.5,2.0,29.18208,3.102198,,0.11411,0.167,-0.113,0.1137,4.961,1,0.5,0.0,0.0,0,1.0,3,0,3,1.0,1.5,0,2.5,0.0,1,1.0,2.0
KOTAKBANK,Kotak Mahindra Bank Limited,Financial Services,8.5,2.5,1,3.0,2.0,19.6983,2.097209,0.94,0.11389,-0.11,0.098,0.26049,,0,-0.4,1.0,1.5,0,2.5,0,1,1,1.0,2.0,0,3.0,2.0,0,0.0,2.0
APLAPOLLO,APL Apollo Tubes Limited,Basic Materials,8.5,0.0,5,3.0,0.5,43.020306,9.7758045,,0.25314,0.136,0.208,0.05213,9.396,0,-86.0,0.0,0.0,0,0.0,2,3,5,2.0,1.0,0,3.0,0.0,0,0.5,0.5
SBICARD,SBI Cards and Payment Services Limited,Financial Services,8.5,0.0,5,2.5,1.0,27.383669,3.776532,,0.14686,0.186,0.139,0.1826,280.206,0,-39.6,0.0,0.0,0,0.0,3,2,5,1.0,1.5,0,2.5,0.0,1,0.0,1.0
ABCAPITAL,Aditya Birla Capital Limited,Financial Services,8.5,1.0,4,2.5,1.0,24.645615,2.6728973,,0.11181,0.077,0.301,0.116450004,491.748,0,-25.6,1.0,0.0,0,1.0,1,3,4,1.0,1.5,0,2.5,0.0,1,0.0,1.0
AUROPHARMA,Aurobindo Pharma Limited,Healthcare,8.5,5.0,2,1.5,0.0,25.204933,2.507147,,,0.084,0.076,0.10509,22.248,4,40.3,1.0,0.0,0,5.0,1,1,2,0.0,1.5,0,1.5,0.0,0,0.0,0.0
QUESS,Quess Corp Limited,Industrials,8.5,6.0,0,1.5,1.0,13.5885515,2.5802038,,0.19714001,,,0.014479999,10.656,4,69.2,1.0,0.0,1,6.0,0,0,0,1.5,0.0,0,1.5,0.0,0,1.0,1.0
SBICARD,SBI Cards and Payment Services Limited,Financial Services,8.5,0.0,5,2.5,1.0,27.383669,3.776532,,0.14686,0.186,0.139,0.1826,280.206,0,-39.6,0.0,0.0,0,0.0,3,2,5,1.0,1.5,0,2.5,0.0,1,0.0,1.0
ALKEM,Alkem Laboratories Limited,Healthcare,8.5,4.0,3,1.5,0.0,27.558064,4.9002743,,,0.107,0.016,0.16636999,17.056,4,34.8,0.0,0.0,0,4.0,2,1,3,0.0,1.5,0,1.5,0.0,0,0.0,0.0
UNITDSPR,UNITDSPR,Consumer Defensive,8.5,0.0,4,3.0,1.5,54.1902,11.027821,,0.20034,0.008,0.28,0.14743,4.611,0,-24.3,0.0,0.0,0,0.0,1,3,4,1.5,1.5,0,3.0,0.0,1,0.5,1.5
APLAPOLLO,APL Apollo Tubes Limited,Basic Materials,8.5,0.0,5,3.0,0.5,43.020306,9.7758045,,0.25314,0.136,0.208,0.05213,9.396,0,-86.0,0.0,0.0,0,0.0,2,3,5,2.0,1.0,0,3.0,0.0,0,0.5,0.5
ABCAPITAL,Aditya Birla Capital Limited,Financial Services,8.5,1.0,4,2.5,1.0,24.645615,2.6728973,,0.11181,0.077,0.301,0.116450004,491.748,0,-25.6,1.0,0.0,0,1.0,1,3,4,1.0,1.5,0,2.5,0.0,1,0.0,1.0
ASTRAL,Astral Limited,Industrials,8.5,0.0,5,2.0,1.5,72.66299,10.303656,,0.13798,0.242,0.189,0.08169,6.168,0,-64.6,0.0,0.0,0,0.0,3,2,5,1.0,1.0,0,2.0,0.0,1,0.5,1.5
SIS,SIS Limited,Industrials,8.5,3.0,4,0.0,1.5,41.423397,2.2422266,,0.05565,0.31,,0.0086199995,70.299,1,6.2,1.0,0.0,1,3.0,4,0,4,0.0,0.0,0,0.0,0.0,0,1.5,1.5
WELCORP,Welspun Corp Limited,Basic Materials,8.5,3.0,4,1.5,0.0,17.37249,4.129479,,,0.254,-0.33,0.11848,18.258,3,24.9,0.0,0.0,0,3.0,4,0,4,0.0,1.5,0,1.5,0.0,0,0.0,0.0
AUROPHARMA,Aurobindo Pharma Limited,Healthcare,8.5,5.0,2,1.5,0.0,25.204933,2.507147,,,0.084,0.076,0.10509,22.248,4,40.3,1.0,0.0,0,5.0,1,1,2,0.0,1.5,0,1.5,0.0,0,0.0,0.0
IRCON,Ircon International Limited,Industrials,8.0,5.0,2,1.0,0.0,21.610428,2.0579255,,,-0.189,0.163,0.066139996,79.151,4,51.0,1.0,0.0,0,5.0,0,2,2,0.0,1.0,0,1.0,0.0,0,0.0,0.0
SPANDANA,Spandana Sphoorty Financial Limited,Financial Services,8.0,2.0,5,0.0,1.0,,0.8595908,,-0.29358,2.56,,0.0,185.142,0,,2.0,0.0,0,2.0,5,0,5,0.0,0.0,0,0.0,0.0,1,0.0,1.0
NAUKRI,Info Edge (India) Limited,Communication Services,8.0,1.0,4,2.0,1.0,45.016876,1.2427292,2.39,,0.134,0.123,0.42567003,0.544,0,-103.2,1.0,0.0,0,1.0,2,2,4,0.0,2.0,0,2.0,1.0,0,0.0,1.0
NCC,NCC Limited,Industrials,8.0,7.0,1,0.0,0.0,13.640335,1.225074,,0.093219995,0.02,-0.188,0.03224,43.056,4,69.1,1.0,0.0,2,7.0,1,0,1,0.0,0.0,0,0.0,0.0,0,0.0,0.0
NAUKRI,Info Edge (India) Limited,Communication Services,8.0,1.0,4,2.0,1.0,45.016876,1.2427292,2.39,,0.134,0.123,0.42567003,0.544,0,-103.2,1.0,0.0,0,1.0,2,2,4,0.0,2.0,0,2.0,1.0,0,0.0,1.0
MSTCLTD,MSTC Limited,Industrials,8.0,5.0,1,2.0,0.0,13.573749,3.5392683,,,0.09,-0.795,0.63797003,17.456,4,69.2,0.0,0.0,1,5.0,1,0,1,0.0,2.0,0,2.0,0.0,0,0.0,0.0
IRCTC,Indian Railway Catering & Tourism Corporation Limited,Consumer Cyclical,8.0,1.0,5,2.0,0.0,29.73064,9.93642,,,0.184,0.157,0.28371,1.836,1,8.2,0.0,0.0,0,1.0,3,2,5,0.0,2.0,0,2.0,0.0,0,0.0,0.0
ITC,ITC Limited,Consumer Defensive,8.0,4.0,1,2.0,1.0,19.095385,5.4719872,1.78,,0.067,0.0,0.43890998,0.507,4,56.2,0.0,0.0,0,4.0,1,0,1,0.0,2.0,0,2.0,1.0,0,0.0,1.0
ITC,ITC Limited,Consumer Defensive,8.0,4.0,1,2.0,1.0,19.095385,5.4719872,1.78,,0.067,0.0,0.43890998,0.507,4,56.2,0.0,0.0,0,4.0,1,0,1,0.0,2.0,0,2.0,1.0,0,0.0,1.0
HINDUNILVR,Hindustan Unilever Limited,Consumer Defensive,8.0,0.0,4,3.5,0.5,49.28051,10.767761,3.69,0.21603,0.043,0.214,0.23329,3.016,0,-13.0,0.0,0.0,0,0.0,1,3,4,1.5,2.0,0,3.5,0.0,0,0.5,0.5
TFCILTD,Tourism Finance Corporation of India Limited,Financial Services,8.0,1.0,4,2.0,1.0,27.85171,2.7007596,,0.09754,0.204,0.059,0.672,81.939,0,-42.0,1.0,0.0,0,1.0,3,1,4,0.0,2.0,0,2.0,0.0,1,0.0,1.0
VIJAYA,Vijaya Diagnostic Centre Limited,Healthcare,8.0,0.0,6,2.0,0.0,77.52534,15.451077,,,0.214,0.225,0.20727,42.224,0,-83.5,0.0,0.0,0,0.0,3,3,6,0.0,2.0,0,2.0,0.0,0,0.0,0.0
TAJGVK,TAJGVK Hotels & Resorts Limited,Consumer Cyclical,8.0,5.0,1,2.0,0.0,15.236063,2.755498,,,0.06,-0.102,0.2613,11.957,4,52.9,1.0,0.0,0,5.0,1,0,1,0.0,2.0,0,2.0,0.0,0,0.0,0.0
SIEMENS,Siemens Limited,Industrials,8.0,0.0,2,2.5,3.5,74.960945,9.550231,,0.11808,0.14,-0.548,0.12118,,0,-69.8,0.0,0.0,0,0.0,2,0,2,1.0,1.5,0,2.5,2.0,1,0.5,3.5
SIEMENS,Siemens Limited,Industrials,8.0,0.0,2,2.5,3.5,74.960945,9.550231,,0.11808,0.14,-0.548,0.12118,,0,-69.8,0.0,0.0,0,0.0,2,0,2,1.0,1.5,0,2.5,2.0,1,0.5,3.5
AARTIIND,Aarti Industries Limited,Basic Materials,8.0,1.0,6,1.0,0.0,40.004265,2.8484106,,0.07249,0.132,0.434,0.05057,83.392,0,-72.9,1.0,0.0,0,1.0,2,4,6,0.0,1.0,0,1.0,0.0,0,0.0,0.0
RAMCOCEM,The Ramco Cements Limited,Basic Materials,8.0,1.0,6,1.0,0.0,37.234085,2.8363304,,,0.062,1.14,0.06527,62.153,0,-61.0,1.0,0.0,0,1.0,1,5,6,0.0,1.0,0,1.0,0.0,0,0.0,0.0
VENKEYS,Venky's (India) Limited,Consumer Defensive,8.0,2.0,6,0.0,0.0,41.401043,1.4606941,,,0.089,1.383,0.01475,13.056,1,5.1,1.0,0.0,0,2.0,1,5,6,0.0,0.0,0,0.0,0.0,0,0.0,0.0
NTPC,NTPC Limited,Utilities,7.5,5.0,1,1.5,0.0,21.561462,1.9644741,,,0.08,-0.016,0.12892,118.127,3,27.4,1.0,0.0,1,5.0,1,0,1,0.0,1.5,0,1.5,0.0,0,0.0,0.0
DEEPAKFERT,Deepak Fertilisers And Petrochemicals Corporation Limited,Basic Materials,7.5,5.5,1,1.0,0.0,19.098774,2.5663881,0.98,,0.097,-0.436,0.0784,62.046,2,17.4,1.0,1.5,1,5.5,1,0,1,0.0,1.0,0,1.0,0.0,0,0.0,0.0
INDIACEM,The India Cements Limited,Basic Materials,7.5,1.0,6,0.0,0.5,,1.2447237,,-0.00662,0.026,2.764,-0.015,12.888,0,,1.0,0.0,0,1.0,1,5,6,0.0,0.0,0,0.0,0.0,0,0.5,0.5
IMFA,Indian Metals and Ferro Alloys Limited,Basic Materials,7.5,1.0,5,1.5,0.0,21.015808,3.0855525,,,0.093,0.406,0.14006,17.281,1,9.1,0.0,0.0,0,1.0,1,4,5,0.0,1.5,0,1.5,0.0,0,0.0,0.0
SUNPHARMA,Sun Pharmaceutical Industries Limited,Healthcare,7.5,2.0,4,1.5,0.0,41.323822,5.8012958,1.04,,0.135,0.157,0.19214001,6.675,1,2.2,0.0,1.0,0,2.0,2,2,4,0.0,1.5,0,1.5,0.0,0,0.0,0.0
SUNPHARMA,Sun Pharmaceutical Industries Limited,Healthcare,7.5,2.0,4,1.5,0.0,41.323822,5.8012958,1.04,,0.135,0.157,0.19214001,6.675,1,2.2,0.0,1.0,0,2.0,2,2,4,0.0,1.5,0,1.5,0.0,0,0.0,0.0
ELECON,Elecon Engineering Company Limited,Industrials,7.5,3.0,0,3.0,1.5,31.938776,4.6755586,,0.15851,-0.065,-0.959,0.14419,11.824,3,27.6,0.0,0.0,0,3.0,0,0,0,1.5,1.5,0,3.0,0.0,1,0.5,1.5
INDIACEM,The India Cements Limited,Basic Materials,7.5,1.0,6,0.0,0.5,,1.2447237,,-0.00662,0.026,2.764,-0.015,12.888,0,,1.0,0.0,0,1.0,1,5,6,0.0,0.0,0,0.0,0.0,0,0.5,0.5
TORNTPHARM,Torrent Pharmaceuticals Limited,Healthcare,7.5,0.0,6,1.5,0.0,66.35079,17.878517,,,0.176,0.261,0.17833,33.4,0,-57.1,0.0,0.0,0,0.0,3,3,6,0.0,1.5,0,1.5,0.0,0,0.0,0.0
LALPATHLAB,Dr. Lal PathLabs Limited,Healthcare,7.5,0.0,3,3.0,1.5,53.8975,11.906159,,0.21475,0.166,-0.154,0.18270999,7.831,0,-27.6,0.0,0.0,0,0.0,3,0,3,1.5,1.5,0,3.0,0.0,1,0.5,1.5
LALPATHLAB,Dr. Lal PathLabs Limited,Healthcare,7.5,0.0,3,3.0,1.5,53.8975,11.906159,,0.21475,0.166,-0.154,0.18270999,7.831,0,-27.6,0.0,0.0,0,0.0,3,0,3,1.5,1.5,0,3.0,0.0,1,0.5,1.5
SJVN,SJVN Limited,Utilities,7.5,1.0,5,1.5,0.0,45.74233,2.0178072,,0.04514,2.07,,0.13595,226.528,0,-54.0,1.0,0.0,0,1.0,5,0,5,0.0,1.5,0,1.5,0.0,0,0.0,0.0
ICICIPRULI,ICICI Prudential Life Insurance Company Limited,Financial Services,7.5,0.0,5,1.0,1.5,47.125454,5.545054,,0.12579,-0.789,0.614,0.02525,19.037,0,-140.2,0.0,0.0,0,0.0,0,5,5,1.0,0.0,0,1.0,0.0,0,1.5,1.5
HIMATSEIDE,Himatsingka Seide Limited,Consumer Cyclical,7.0,7.0,0,0.0,0.0,11.707317,0.4588307,,,-0.116,-0.643,0.028380001,121.696,4,63.8,2.0,0.0,1,7.0,0,0,0,0.0,0.0,0,0.0,0.0,0,0.0,0.0
CLEAN,Clean Science and Technology Limited,Basic Materials,7.0,0.0,0,3.5,3.5,35.03472,5.080871,,0.15309,-0.044,-0.214,0.23219,0.135,0,-51.5,0.0,0.0,0,0.0,0,0,0,1.5,2.0,0,3.5,2.0,1,0.5,3.5
PARAGMILK,Parag Milk Foods Limited,Consumer Defensive,7.0,5.0,2,0.0,0.0,19.99811,2.0935345,,,0.145,-0.208,0.03404,45.112,4,54.1,1.0,0.0,0,5.0,2,0,2,0.0,0.0,0,0.0,0.0,0,0.0,0.0
THOMASCOOK,Thomas Cook (India) Limited,Consumer Cyclical,7.0,7.0,0,0.0,0.0,19.701492,1.829558,1.91,0.09263,-0.086,-0.403,0.02557,21.373,4,39.1,1.0,0.0,2,7.0,0,0,0,0.0,0.0,0,0.0,0.0,0,0.0,0.0
JKLAKSHMI,JK Lakshmi Cement Limited,Basic Materials,7.0,5.0,1,1.0,0.0,17.250603,2.1624775,,,0.061,-0.093,0.0686,72.145,3,25.4,1.0,0.0,1,5.0,1,0,1,0.0,1.0,0,1.0,0.0,0,0.0,0.0
RELIANCE,Reliance Industries Limited,Energy,7.0,3.5,2,1.0,0.5,22.152067,1.9801046,0.82,0.09139,0.125,-0.126,0.0764,36.653,0,-97.0,1.0,1.5,1,3.5,2,0,2,0.0,1.0,0,1.0,0.0,0,0.5,0.5
EDELWEISS,Edelweiss Financial Services Limited,Financial Services,7.0,4.0,0,2.0,1.0,14.459678,1.6810163,,0.11472999,-0.219,-0.182,0.081920005,319.7,3,26.3,1.0,0.0,0,4.0,0,0,0,1.0,1.0,0,2.0,0.0,1,0.0,1.0
GAIL,GAIL (India) Limited,Utilities,7.0,6.0,0,1.0,0.0,11.954058,1.1645358,,,-0.045,-0.57,0.060289998,25.373,4,59.7,1.0,0.0,1,6.0,0,0,0,0.0,1.0,0,1.0,0.0,0,0.0,0.0
HFCL,HFCL Limited,Technology,7.0,0.0,5,1.0,1.0,383.80554,4.264506,,0.07266,1.278,,0.062989995,38.321,0,-1208.3,0.0,0.0,0,0.0,5,0,5,0.0,1.0,0,1.0,0.0,1,0.0,1.0
ZYDUSWELL,Zydus Wellness Limited,Consumer Defensive,7.0,1.0,5,0.0,1.0,80.04717,2.8379984,,0.0343,0.627,-0.058,0.04971,54.974,0,-83.6,1.0,0.0,0,1.0,5,0,5,0.0,0.0,0,0.0,0.0,1,0.0,1.0
ATGL,Adani Total Gas Limited,Utilities,7.0,0.0,4,2.5,0.5,104.23077,14.097026,,0.14456001,0.161,0.085,0.11124,46.363,0,-251.0,0.0,0.0,0,0.0,3,1,4,1.0,1.5,0,2.5,0.0,0,0.5,0.5
SRF,SRF Limited,Industrials,7.0,1.0,3,2.5,0.5,42.508057,5.568118,,0.13763,0.07,0.106,0.11625,36.195,1,3.7,0.0,0.0,0,1.0,1,2,3,1.0,1.5,0,2.5,0.0,0,0.5,0.5
SRF,SRF Limited,Industrials,7.0,1.0,3,2.5,0.5,42.508057,5.568118,,0.13763,0.07,0.106,0.11625,36.195,1,3.7,0.0,0.0,0,1.0,1,2,3,1.0,1.5,0,2.5,0.0,0,0.5,0.5
GRASIM,Grasim Industries Limited,Basic Materials,7.0,1.0,6,0.0,0.0,43.926968,1.9985389,,,0.274,0.141,0.026719999,126.634,0,-89.9,1.0,0.0,0,1.0,4,2,6,0.0,0.0,0,0.0,0.0,0,0.0,0.0
BALRAMCHIN,Balrampur Chini Mills Limited,Consumer Defensive,7.0,5.0,1,1.0,0.0,29.578184,2.6867998,,0.095410004,0.075,-0.307,0.06,76.606,4,32.2,1.0,0.0,0,5.0,1,0,1,0.0,1.0,0,1.0,0.0,0,0.0,0.0
GRASIM,Grasim Industries Limited,Basic Materials,7.0,1.0,6,0.0,0.0,43.926968,1.9985389,,,0.274,0.141,0.026719999,126.634,0,-89.9,1.0,0.0,0,1.0,4,2,6,0.0,0.0,0,0.0,0.0,0,0.0,0.0
DMART,Avenue Supermarts Limited,Consumer Defensive,7.0,0.0,5,1.0,1.0,92.83366,11.267516,,0.12944001,0.189,0.196,0.04316,9.913,0,-112.9,0.0,0.0,0,0.0,3,2,5,1.0,0.0,0,1.0,0.0,1,0.0,1.0
ONEPOINT,One Point One Solutions Limited,Industrials,6.5,1.0,4,1.5,0.0,43.551468,3.707204,,,0.177,0.1,0.12901,12.498,1,1.3,0.0,0.0,0,1.0,3,1,4,0.0,1.5,0,1.5,0.0,0,0.0,0.0
VBL,Varun Beverages Limited,Consumer Defensive,6.5,0.0,5,1.5,0.0,54.707756,8.892574,,,0.181,0.2,0.14024,12.705,0,-25.5,0.0,0.0,0,0.0,3,2,5,0.0,1.5,0,1.5,0.0,0,0.0,0.0
JSWENERGY,JSW Energy Limited,Utilities,6.5,0.0,5,1.5,0.0,41.81569,3.0387056,,0.08817001,0.41,-0.115,0.11847,229.16,0,-40.8,0.0,0.0,0,0.0,5,0,5,0.0,1.5,0,1.5,0.0,0,0.0,0.0
JSWENERGY,JSW Energy Limited,Utilities,6.5,0.0,5,1.5,0.0,41.81569,3.0387056,,0.08817001,0.41,-0.115,0.11847,229.16,0,-40.8,0.0,0.0,0,0.0,5,0,5,0.0,1.5,0,1.5,0.0,0,0.0,0.0
SARDAEN,Sarda Energy & Minerals Limited,Basic Materials,6.5,5.0,0,1.5,0.0,17.91972,2.7088337,,,-0.033,-0.036,0.18537001,37.709,3,22.5,1.0,0.0,1,5.0,0,0,0,0.0,1.5,0,1.5,0.0,0,0.0,0.0
FORTIS,Fortis Healthcare Limited,Healthcare,6.5,2.0,3,1.5,0.0,75.63386,7.698195,0.42,,0.175,-0.216,0.1094,32.958,0,-79.1,0.0,2.0,0,2.0,3,0,3,0.0,1.5,0,1.5,0.0,0,0.0,0.0
SOLARA,Solara Active Pharma Sciences Limited,Healthcare,6.5,1.0,5,0.0,0.5,,1.9181578,,-0.0063,0.436,,-0.0053899996,54.682,0,,1.0,0.0,0,1.0,5,0,5,0.0,0.0,0,0.0,0.0,0,0.5,0.5
CONCOR,Container Corporation of India Limited,Industrials,6.5,4.0,1,1.5,0.0,30.149075,3.0112445,,,0.045,-0.089,0.14035,7.016,4,31.7,0.0,0.0,0,4.0,1,0,1,0.0,1.5,0,1.5,0.0,0,0.0,0.0
ORIENTELEC,Orient Electric Limited,Consumer Cyclical,6.5,0.0,5,1.0,0.5,41.575554,5.245759,,0.13179,0.104,0.295,0.02873,12.281,0,-28.4,0.0,0.0,0,0.0,2,3,5,1.0,0.0,0,1.0,0.0,0,0.5,0.5
ARVINDFASN,Arvind Fashions Limited,Consumer Cyclical,6.5,1.0,3,1.5,1.0,46.478874,6.0663476,,0.15903,0.154,,0.0231,115.111,0,-43.6,0.0,0.0,1,1.0,3,0,3,1.5,0.0,0,1.5,0.0,0,1.0,1.0
AEGISLOG,AEGISLOG,Energy,6.5,0.0,5,1.5,0.0,31.913439,4.136477,,,0.011,0.424,0.103369996,28.45,0,-183.8,0.0,0.0,0,0.0,1,4,5,0.0,1.5,0,1.5,0.0,0,0.0,0.0
AFFLE,Affle 3i Limited,Communication Services,6.5,0.0,5,1.5,0.0,45.072685,6.2763,,,0.192,0.189,0.16945,1.18,0,-103.5,0.0,0.0,0,0.0,3,2,5,0.0,1.5,0,1.5,0.0,0,0.0,0.0
JBCHEPHARM,J. B. Chemicals & Pharmaceuticals Limited,Healthcare,6.5,0.0,5,1.5,0.0,48.887894,8.922856,,,0.105,0.216,0.17977,1.075,0,-15.7,0.0,0.0,0,0.0,2,3,5,0.0,1.5,0,1.5,0.0,0,0.0,0.0
LAURUSLABS,Laurus Labs Limited,Healthcare,6.0,0.0,3,3.0,0.0,85.881226,15.115482,,0.17743,0.053,0.194,0.13046,46.369,0,-103.3,0.0,0.0,0,0.0,1,2,3,1.5,1.5,0,3.0,0.0,0,0.0,0.0
RCF,Rashtriya Chemicals and Fertilizers Limited,Basic Materials,6.0,5.0,1,0.0,0.0,21.728394,1.3806397,0.05,,-0.062,0.014,0.01883,56.443,1,6.1,1.0,2.0,1,5.0,0,1,1,0.0,0.0,0,0.0,0.0,0,0.0,0.0
MINDACORP,Minda Corporation Limited,Consumer Cyclical,6.0,0.0,6,0.0,0.0,42.92079,5.0132513,,,0.246,0.321,0.04958,62.969,0,-32.6,0.0,0.0,0,0.0,3,3,6,0.0,0.0,0,0.0,0.0,0,0.0,0.0
GSPL,Gujarat State Petronet Limited,,6.0,3.0,1,1.0,1.0,14.852548,1.3093646,,,-0.109,0.096,0.06461,0.876,0,0.0,1.0,0.0,2,3.0,0,1,1,0.0,1.0,0,1.0,1.0,0,0.0,1.0
GLENMARK,Glenmark Pharmaceuticals Limited,Healthcare,6.0,0.0,5,1.0,0.0,63.8678,7.08522,,,0.151,0.158,0.06451,12.776,0,-51.2,0.0,0.0,0,0.0,3,2,5,0.0,1.0,0,1.0,0.0,0,0.0,0.0
SURYAROSNI,Surya Roshni Limited,Basic Materials,6.0,5.0,1,0.0,0.0,16.226868,2.0538201,,,0.032,-0.114,0.04222,4.928,3,29.8,1.0,0.0,1,5.0,1,0,1,0.0,0.0,0,0.0,0.0,0,0.0,0.0
HAPPSTMNDS,Happiest Minds Technologies Limited,Technology,6.0,1.0,2,2.0,1.0,30.675346,3.4669538,,0.116969995,0.107,-0.198,0.08222,28.275,0,-4.6,0.0,0.0,1,1.0,2,0,2,1.0,1.0,0,2.0,0.0,1,0.0,1.0
RAYMOND,Raymond Limited,Industrials,6.0,1.0,0,2.0,3.0,106.64683,1.1003454,,0.01472,,-0.991,2.31044,33.836,0,-141.6,1.0,0.0,0,1.0,0,0,0,0.0,2.0,0,2.0,0.0,1,2.0,3.0
WOCKPHARMA,Wockhardt Limited,Healthcare,6.0,0.0,4,1.0,1.0,124.24847,5.7528973,,0.04005,0.26,,0.06315,42.284,0,-194.1,0.0,0.0,0,0.0,4,0,4,0.0,1.0,0,1.0,0.0,1,0.0,1.0
KANSAINER,Kansai Nerolac Paints Limited,Basic Materials,6.0,1.0,2,1.0,2.0,29.643742,2.592695,,0.08796,0.075,0.04,0.07321,4.526,0,-28.2,1.0,0.0,0,1.0,1,1,2,0.0,1.0,0,1.0,0.0,1,1.0,2.0
GLENMARK,Glenmark Pharmaceuticals Limited,Healthcare,6.0,0.0,5,1.0,0.0,63.8678,7.08522,,,0.151,0.158,0.06451,12.776,0,-51.2,0.0,0.0,0,0.0,3,2,5,0.0,1.0,0,1.0,0.0,0,0.0,0.0
KANSAINER,Kansai Nerolac Paints Limited,Basic Materials,6.0,1.0,2,1.0,2.0,29.643742,2.592695,,0.08796,0.075,0.04,0.07321,4.526,0,-28.2,1.0,0.0,0,1.0,1,1,2,0.0,1.0,0,1.0,0.0,1,1.0,2.0
THERMAX,Thermax Limited,Industrials,6.0,0.0,4,2.0,0.0,68.85875,9.84949,,0.13691,0.129,0.187,0.06573,42.166,0,-56.0,0.0,0.0,0,0.0,2,2,4,1.0,1.0,0,2.0,0.0,0,0.0,0.0
VTL,Vardhman Textiles Limited,Consumer Cyclical,6.0,4.0,0,1.0,1.0,23.468452,1.720315,,0.07329,-0.004,-0.223,0.07551,17.52,3,27.5,1.0,0.0,0,4.0,0,0,0,0.0,1.0,0,1.0,0.0,1,0.0,1.0
ZEEL,Zee Entertainment Enterprises Limited,Communication Services,6.0,3.0,2,1.0,0.0,29.599293,0.69772303,,,0.142,-0.047,0.06843,2.465,0,-33.6,2.0,0.0,1,3.0,2,0,2,0.0,1.0,0,1.0,0.0,0,0.0,0.0
SUDARSCHEM,Sudarshan Chemical Industries Limited,Basic Materials,6.0,1.0,5,0.0,0.0,,1.9110008,,,2.156,,-0.0072399997,64.493,0,,1.0,0.0,0,1.0,5,0,5,0.0,0.0,0,0.0,0.0,0,0.0,0.0
RPSGVENT,RPSG Ventures Limited,Technology,6.0,3.0,3,0.0,0.0,,1.180415,,,0.156,,-0.00856,135.449,0,,1.0,0.0,2,3.0,3,0,3,0.0,0.0,0,0.0,0.0,0,0.0,0.0
KPITTECH,KPIT Technologies Limited,Technology,6.0,0.0,2,2.5,1.5,31.945875,5.7176023,,0.1973,0.12,-0.335,0.09874,23.624,0,-8.9,0.0,0.0,0,0.0,2,0,2,1.5,1.0,0,2.5,0.0,0,1.5,1.5
ZEEL,Zee Entertainment Enterprises Limited,Communication Services,6.0,3.0,2,1.0,0.0,29.599293,0.69772303,,,0.142,-0.047,0.06843,2.465,0,-33.6,2.0,0.0,1,3.0,2,0,2,0.0,1.0,0,1.0,0.0,0,0.0,0.0
LTTS,L&T Technology Services Limited,Technology,6.0,0.0,1,3.0,2.0,30.719904,6.0859456,,0.19540001,-0.042,0.067,0.116330005,8.911,0,-4.7,0.0,0.0,0,0.0,0,1,1,1.5,1.5,0,3.0,0.0,1,1.0,2.0
GODREJCP,Godrej Consumer Products Limited,Consumer Defensive,5.5,0.0,2,3.0,0.5,56.277534,8.255717,1.5,0.15099,0.084,0.097,0.12264,34.899,0,-29.1,0.0,0.0,0,0.0,1,1,2,1.5,1.5,0,3.0,0.0,0,0.5,0.5
NOCIL,NOCIL Limited,Basic Materials,5.5,1.0,1,0.0,3.5,51.17523,1.5919664,,0.03147,0.013,-0.192,0.04152,0.453,0,-121.2,1.0,0.0,0,1.0,1,0,1,0.0,0.0,0,0.0,1.5,1,1.0,3.5
GRAPHITE,Graphite India Limited,Industrials,5.5,1.0,3,1.5,0.0,45.251057,2.5034723,,,0.228,,0.121800005,4.572,0,-2.5,1.0,0.0,0,1.0,3,0,3,0.0,1.5,0,1.5,0.0,0,0.0,0.0
STLTECH,Sterlite Technologies Limited,Technology,5.5,0.0,5,0.0,0.5,351.66666,9.524828,,0.026300002,12.856,,0.0117999995,85.626,0,-1098.7,0.0,0.0,0,0.0,5,0,5,0.0,0.0,0,0.0,0.0,0,0.5,0.5
WESTLIFE,Westlife Foodworld Limited,Consumer Cyclical,5.5,0.0,5,0.0,0.5,225.92683,11.572385,,0.05289,0.079,0.5,0.01243,291.521,0,-597.8,0.0,0.0,0,0.0,1,4,5,0.0,0.0,0,0.0,0.0,0,0.5,0.5
ADANIENT,Adani Enterprises Limited,Energy,5.0,0.0,3,2.0,0.0,36.97422,4.346148,,0.13664,0.203,,0.09295999,119.56,0,-228.8,0.0,0.0,0,0.0,3,0,3,1.0,1.0,0,2.0,0.0,0,0.0,0.0
EXIDEIND,Exide Industries Limited,Consumer Cyclical,5.0,1.0,3,0.0,1.0,34.29353,2.1088152,,0.06172,0.092,0.15,0.047470003,11.308,0,-5.9,1.0,0.0,0,1.0,1,2,3,0.0,0.0,0,0.0,0.0,0,1.0,1.0
PVP,PVP Ventures Limited,Industrials,5.0,0.0,5,0.0,0.0,,3.0473552,,,4.636,,-0.120349996,77.376,0,,0.0,0.0,0,0.0,5,0,5,0.0,0.0,0,0.0,0.0,0,0.0,0.0
BAJAJFINSV,Bajaj Finserv Ltd.,Financial Services,5.0,0.0,2,2.0,1.0,28.680546,3.585744,,0.14602,0.053,0.057,0.06568,256.36,0,-46.2,0.0,0.0,0,0.0,1,1,2,1.0,1.0,0,2.0,0.0,1,0.0,1.0
SASKEN,Sasken Technologies Limited,Technology,5.0,0.0,5,0.0,0.0,49.561775,3.313161,,,0.731,-0.145,0.040949997,3.242,0,-68.9,0.0,0.0,0,0.0,5,0,5,0.0,0.0,0,0.0,0.0,0,0.0,0.0
JKPAPER,JK Paper Limited,Basic Materials,5.0,4.0,1,0.0,0.0,26.522184,1.201405,0.3,,0.08,-0.583,0.03822,37.239,0,-14.7,1.0,2.0,1,4.0,1,0,1,0.0,0.0,0,0.0,0.0,0,0.0,0.0
DIVISLAB,Divi's Laboratories Limited,Healthcare,5.0,0.0,2,2.0,1.0,73.81461,11.897712,,,0.123,-0.01,0.24035,0.584,0,-74.7,0.0,0.0,0,0.0,2,0,2,0.0,2.0,0,2.0,1.0,0,0.0,1.0
IDFCFIRSTB,IDFC First Bank Limited,Financial Services,5.0,1.0,0,2.0,2.0,36.06915,1.244654,,,-0.011,-0.232,0.32775003,,0,-83.9,1.0,0.0,0,1.0,0,0,0,0.0,2.0,0,2.0,2.0,0,0.0,2.0
TEXRAIL,Texmaco Rail & Engineering Limited,Industrials,5.0,5.0,0,0.0,0.0,24.665905,1.5014207,,,-0.215,-0.443,0.038900003,31.207,4,44.1,1.0,0.0,0,5.0,0,0,0,0.0,0.0,0,0.0,0.0,0,0.0,0.0
BEML,BEML Limited,Industrials,5.0,1.0,3,1.0,0.0,61.144962,5.4334183,1.06,,0.237,,0.05919,23.787,0,-38.5,0.0,1.0,0,1.0,3,0,3,0.0,1.0,0,1.0,0.0,0,0.0,0.0
SHOPERSTOP,Shoppers Stop Limited,Consumer Cyclical,5.0,1.0,2,0.0,2.0,,12.692498,,-0.1179,0.137,,-0.00716,1139.713,0,,0.0,0.0,1,1.0,2,0,2,0.0,0.0,0,0.0,0.0,0,2.0,2.0
RALLIS,Rallis India Limited,Basic Materials,5.0,1.0,1,1.0,2.0,26.483633,2.3836906,,0.09323,0.061,,0.06351,2.986,0,-14.5,1.0,0.0,0,1.0,1,0,1,0.0,1.0,0,1.0,0.0,1,1.0,2.0
MANKIND,Mankind Pharma Limited,Healthcare,4.5,0.0,3,1.5,0.0,57.7258,6.7319717,,,0.104,0.048,0.12788,53.892,0,-36.7,0.0,0.0,0,0.0,2,1,3,0.0,1.5,0,1.5,0.0,0,0.0,0.0
SBILIFE,SBI Life Insurance Company Limited,Financial Services,4.5,0.0,0,1.0,3.5,76.60424,9.9218445,,0.13697,-0.822,-0.011,0.022,,0,-290.5,0.0,0.0,0,0.0,0,0,0,1.0,0.0,0,1.0,2.0,1,0.5,3.5
CARBORUNIV,Carborundum Universal Limited,Industrials,4.5,0.0,3,0.0,1.5,104.28294,5.2195334,,0.043670002,0.168,,0.03689,10.292,0,-136.3,0.0,0.0,0,0.0,3,0,3,0.0,0.0,0,0.0,0.0,1,0.5,1.5
TRITURBINE,Triveni Turbine Limited,Industrials,4.5,0.0,3,1.5,0.0,58.110203,15.597574,,,0.24,-0.01,0.16752,2.946,0,-31.7,0.0,0.0,0,0.0,3,0,3,0.0,1.5,0,1.5,0.0,0,0.0,0.0
ULTRACEMCO,UltraTech Cement Limited,Basic Materials,4.5,1.0,1,2.0,0.5,40.971672,4.642105,1.22,0.10593,0.03,,0.092259996,29.432,0,-77.1,0.0,1.0,0,1.0,1,0,1,1.0,1.0,0,2.0,0.0,0,0.5,0.5
ULTRACEMCO,UltraTech Cement Limited,Basic Materials,4.5,1.0,1,2.0,0.5,40.971672,4.642105,1.22,0.10593,0.03,,0.092259996,29.432,0,-77.1,0.0,1.0,0,1.0,1,0,1,1.0,1.0,0,2.0,0.0,0,0.5,0.5
TATACOMM,Tata Communications Limited,Communication Services,4.0,0.0,1,2.0,1.0,45.062943,16.486609,,0.31131,0.094,-0.747,0.04038,335.485,0,-103.4,0.0,0.0,0,0.0,1,0,1,2.0,0.0,0,2.0,0.0,0,1.0,1.0
LUXIND,Lux Industries Limited,Consumer Cyclical,4.0,1.0,3,0.0,0.0,37.800392,2.2955096,,,0.217,-0.598,0.03759,32.661,0,-16.8,1.0,0.0,0,1.0,3,0,3,0.0,0.0,0,0.0,0.0,0,0.0,0.0
WINDMACHIN,Windsor Machines Limited,Industrials,4.0,0.0,4,0.0,0.0,3132.222,3.2565498,,,0.252,,-0.028199999,5.437,0,-6996.2,0.0,0.0,0,0.0,4,0,4,0.0,0.0,0,0.0,0.0,0,0.0,0.0
COLPAL,Colgate-Palmolive (India) Limited,Consumer Defensive,4.0,0.0,2,2.0,0.0,44.814663,37.6184,,,0.017,0.003,0.22483,3.791,0,-2.8,0.0,0.0,0,0.0,1,1,2,0.0,2.0,0,2.0,0.0,0,0.0,0.0
TATACOMM,Tata Communications Limited,Communication Services,4.0,0.0,1,2.0,1.0,45.062943,16.486609,,0.31131,0.094,-0.747,0.04038,335.485,0,-103.4,0.0,0.0,0,0.0,1,0,1,2.0,0.0,0,2.0,0.0,0,1.0,1.0
MOTHERSON,Samvardhana Motherson International Limited,Consumer Cyclical,4.0,0.0,4,0.0,0.0,40.70898,3.7544973,,,0.145,0.164,0.028299998,49.937,0,-25.7,0.0,0.0,0,0.0,2,2,4,0.0,0.0,0,0.0,0.0,0,0.0,0.0
GABRIEL,Gabriel India Limited,Consumer Cyclical,4.0,0.0,3,1.0,0.0,,12.309924,,,0.159,-0.089,0.05519,8.126,0,,0.0,0.0,0,0.0,3,0,3,0.0,1.0,0,1.0,0.0,0,0.0,0.0
RELIGARE,Religare Enterprises Limited,Financial Services,4.0,1.0,3,0.0,0.0,86.7577,2.5764706,,0.02001,0.221,-0.169,0.01012,12.72,0,-342.3,1.0,0.0,0,1.0,3,0,3,0.0,0.0,0,0.0,0.0,0,0.0,0.0
NETWORK18,Network18 Media & Investments Limited,Communication Services,4.0,2.0,1,1.0,0.0,32.0404,0.98420674,,0.031689998,0.097,,0.07177,65.925,0,-44.6,2.0,0.0,0,2.0,1,0,1,0.0,1.0,0,1.0,0.0,0,0.0,0.0
COLPAL,Colgate-Palmolive (India) Limited,Consumer Defensive,4.0,0.0,2,2.0,0.0,44.814663,37.6184,,,0.017,0.003,0.22483,3.791,0,-2.8,0.0,0.0,0,0.0,1,1,2,0.0,2.0,0,2.0,0.0,0,0.0,0.0
SCHNEIDER,Schneider Electric Infrastructure Limited,Industrials,4.0,0.0,3,1.0,0.0,121.90989,45.17639,,,0.201,-0.121,0.084910005,80.084,0,-176.2,0.0,0.0,0,0.0,3,0,3,0.0,1.0,0,1.0,0.0,0,0.0,0.0
DISHTV,Dish TV India Limited,Communication Services,4.0,2.0,0,0.0,2.0,,-0.18676567,,,-0.198,,-0.71690005,,0,,0.0,0.0,2,2.0,0,0,0,0.0,0.0,0,0.0,2.0,0,0.0,2.0
MRPL,Mangalore Refinery and Petrochemicals Limited,Energy,4.0,3.0,0,1.0,0.0,13.257743,1.9154452,,0.14169,-0.034,-0.682,0.021710001,108.059,0,-17.9,1.0,0.0,2,3.0,0,0,0,1.0,0.0,0,1.0,0.0,0,0.0,0.0
RPOWER,Reliance Power Limited,Utilities,4.0,3.0,1,0.0,0.0,38.728573,0.6792954,,,0.011,-0.381,0.03667,92.224,0,-30.4,2.0,0.0,1,3.0,1,0,1,0.0,0.0,0,0.0,0.0,0,0.0,0.0
EIHOTEL,EIH Limited,Consumer Cyclical,4.0,1.0,1,2.0,0.0,31.70554,4.3338203,,,0.091,-0.08,0.21992001,5.176,1,2.1,0.0,0.0,0,1.0,1,0,1,0.0,2.0,0,2.0,0.0,0,0.0,0.0
DIXON,Dixon Technologies (India) Limited,Technology,3.5,0.0,1,2.0,0.5,40.994434,12.306664,,0.37133,0.021,-0.361,0.02944,18.457,0,-39.7,0.0,0.0,0,0.0,1,0,1,2.0,0.0,0,2.0,0.0,0,0.5,0.5
DIXON,Dixon Technologies (India) Limited,Technology,3.5,0.0,1,2.0,0.5,40.994434,12.306664,,0.37133,0.021,-0.361,0.02944,18.457,0,-39.7,0.0,0.0,0,0.0,1,0,1,2.0,0.0,0,2.0,0.0,0,0.5,0.5
TTKPRESTIG,TTK Prestige Limited,Consumer Cyclical,3.5,1.5,2,0.0,0.0,86.118416,3.7702694,0.94,,0.102,-0.438,0.02873,9.993,0,-166.0,0.0,1.5,0,1.5,2,0,2,0.0,0.0,0,0.0,0.0,0,0.0,0.0
GRINDWELL,Grindwell Norton Limited,Industrials,3.5,0.0,2,1.5,0.0,50.077335,9.115399,,,0.071,0.097,0.13231,3.481,0,-13.5,0.0,0.0,0,0.0,1,1,2,0.0,1.5,0,1.5,0.0,0,0.0,0.0
LEMONTREE,Lemon Tree Hotels Limited,Consumer Cyclical,3.5,0.0,2,1.5,0.0,39.67266,7.0626283,,,0.143,0.0,0.15636,109.554,0,-22.5,0.0,0.0,0,0.0,2,0,2,0.0,1.5,0,1.5,0.0,0,0.0,0.0
KSB,KSB Limited,Industrials,3.5,0.0,1,1.0,1.5,56.49123,8.688613,,,0.01,-0.232,0.09575,0.31,0,-28.0,0.0,0.0,0,0.0,1,0,1,0.0,1.0,0,1.0,1.5,0,0.0,1.5
COCHINSHIP,Cochin Shipyard Limited,Industrials,3.5,0.0,0,2.5,1.0,54.684288,6.8737974,,0.12517,-0.066,-0.038,0.13196,28.466,0,-23.9,0.0,0.0,0,0.0,0,0,0,1.0,1.5,0,2.5,0.0,0,1.0,1.0
BDL,Bharat Dynamics Limited,Industrials,3.5,0.0,0,1.5,2.0,82.81566,11.401108,,,-0.319,-0.504,0.15512,0.029,0,-87.6,0.0,0.0,0,0.0,0,0,0,0.0,1.5,0,1.5,2.0,0,0.0,2.0
WHIRLPOOL,Whirlpool of India Limited,Consumer Cyclical,3.0,2.0,1,0.0,0.0,32.362907,1.3207626,,,0.04,-0.396,0.042340003,6.334,1,0.0,1.0,0.0,0,2.0,1,0,1,0.0,0.0,0,0.0,0.0,0,0.0,0.0
WHIRLPOOL,Whirlpool of India Limited,Consumer Cyclical,3.0,2.0,1,0.0,0.0,32.362907,1.3207626,,,0.04,-0.396,0.042340003,6.334,1,0.0,1.0,0.0,0,2.0,1,0,1,0.0,0.0,0,0.0,0.0,0,0.0,0.0
CUMMINSIND,Cummins India Limited,Industrials,3.0,0.0,0,1.5,1.5,64.80819,18.44758,,,-0.013,-0.13,0.19322,0.308,0,-46.8,0.0,0.0,0,0.0,0,0,0,0.0,1.5,0,1.5,1.5,0,0.0,1.5
TRIDENT,Trident Limited,Consumer Cyclical,3.0,2.0,0,1.0,0.0,30.550001,2.6730833,,,-0.056,-0.4,0.058909997,34.742,1,5.6,1.0,0.0,0,2.0,0,0,0,0.0,1.0,0,1.0,0.0,0,0.0,0.0
SYNGENE,Syngene International Limited,Healthcare,3.0,0.0,1,1.0,1.0,54.053898,3.9998133,,0.06621,0.018,-0.195,0.084709994,9.473,0,-28.0,0.0,0.0,0,0.0,1,0,1,0.0,1.0,0,1.0,0.0,0,1.0,1.0
SUBEXLTD,Subex Limited,Technology,3.0,1.0,2,0.0,0.0,514.5,1.8238213,,,0.14,,0.00361,8.247,0,-1653.8,1.0,0.0,0,1.0,2,0,2,0.0,0.0,0,0.0,0.0,0,0.0,0.0
PRSMJOHNSN,Prism Johnson Limited,Basic Materials,3.0,0.0,3,0.0,0.0,84.26897,3.9165974,,,-0.008,0.26,0.02535,93.47,0,-264.3,0.0,0.0,0,0.0,0,3,3,0.0,0.0,0,0.0,0.0,0,0.0,0.0
TIINDIA,Tube Investments of India Limited,Industrials,3.0,0.0,3,0.0,0.0,87.80206,7.440623,,,0.207,-0.142,0.028169999,27.724,0,-98.9,0.0,0.0,0,0.0,3,0,3,0.0,0.0,0,0.0,0.0,0,0.0,0.0
JUBLFOOD,Jubilant FoodWorks Limited,Consumer Cyclical,3.0,0.0,3,0.0,0.0,97.72727,13.734828,,,0.203,,0.0434,2.655,0,-201.9,0.0,0.0,0,0.0,3,0,3,0.0,0.0,0,0.0,0.0,0,0.0,0.0
JUBLFOOD,Jubilant FoodWorks Limited,Consumer Cyclical,3.0,0.0,3,0.0,0.0,97.72727,13.734828,,,0.203,,0.0434,2.655,0,-201.9,0.0,0.0,0,0.0,3,0,3,0.0,0.0,0,0.0,0.0,0,0.0,0.0
DEEPAKNTR,Deepak Nitrite Limited,Basic Materials,3.0,0.0,1,1.0,1.0,44.709087,4.462512,,0.09751,-0.024,0.085,0.06928,27.903,0,-93.3,0.0,0.0,0,0.0,0,1,1,0.0,1.0,0,1.0,0.0,1,0.0,1.0
VISHNU,Vishnu Chemicals Limited,Basic Materials,3.0,0.0,2,1.0,0.0,28.49741,4.0752816,,,0.108,-0.044,0.08879,41.813,0,-23.2,0.0,0.0,0,0.0,2,0,2,0.0,1.0,0,1.0,0.0,0,0.0,0.0
DEEPAKNTR,Deepak Nitrite Limited,Basic Materials,3.0,0.0,1,1.0,1.0,44.709087,4.462512,,0.09751,-0.024,0.085,0.06928,27.903,0,-93.3,0.0,0.0,0,0.0,0,1,1,0.0,1.0,0,1.0,0.0,1,0.0,1.0
SYNGENE,Syngene International Limited,Healthcare,3.0,0.0,1,1.0,1.0,54.053898,3.9998133,,0.06621,0.018,-0.195,0.084709994,9.473,0,-28.0,0.0,0.0,0,0.0,1,0,1,0.0,1.0,0,1.0,0.0,0,1.0,1.0
TIINDIA,Tube Investments of India Limited,Industrials,3.0,0.0,3,0.0,0.0,87.80206,7.440623,,,0.207,-0.142,0.028169999,27.724,0,-98.9,0.0,0.0,0,0.0,3,0,3,0.0,0.0,0,0.0,0.0,0,0.0,0.0
RENUKA,Shree Renuka Sugars Limited,Consumer Defensive,3.0,1.0,0,0.0,2.0,,-1.9330884,1.01,,-0.061,,-0.08647,,0,,0.0,1.0,0,1.0,0,0,0,0.0,0.0,0,0.0,2.0,0,0.0,2.0
RESPONIND,Responsive Industries Limited,Basic Materials,2.5,1.0,0,1.5,0.0,24.151112,2.9502146,,,-0.154,-0.523,0.13376,13.937,0,-4.4,1.0,0.0,0,1.0,0,0,0,0.0,1.5,0,1.5,0.0,0,0.0,0.0
RELAXO,Relaxo Footwears Limited,Consumer Cyclical,2.0,0.0,1,1.0,0.0,42.130306,3.3784182,,,0.002,-0.197,0.06342,10.214,0,-30.1,0.0,0.0,0,0.0,1,0,1,0.0,1.0,0,1.0,0.0,0,0.0,0.0
TATAPOWER,Tata Power Company Limited,Utilities,2.0,0.0,0,2.0,0.0,35.37937,3.5026712,,0.11336,-0.128,-0.046,0.06002,167.811,0,-19.1,0.0,0.0,0,0.0,0,0,0,1.0,1.0,0,2.0,0.0,0,0.0,0.0
SPARC,Sun Pharma Advanced Research Company Limited,Healthcare,2.0,0.0,0,0.0,2.0,,-17.188675,,,-0.433,,0.0,,0,,0.0,0.0,0,0.0,0,0,0,0.0,0.0,0,0.0,2.0,0,0.0,2.0
IGARASHI,Igarashi Motors India Limited,Consumer Cyclical,2.0,1.0,1,0.0,0.0,93.006905,2.7372038,,,0.025,-0.323,0.01641,30.826,0,-187.3,1.0,0.0,0,1.0,1,0,1,0.0,0.0,0,0.0,0.0,0,0.0,0.0
CROMPTON,Crompton Greaves Consumer Electricals Limited,Consumer Cyclical,2.0,0.0,1,1.0,0.0,,5.5395184,,,0.073,-0.105,0.058590002,4.826,0,,0.0,0.0,0,0.0,1,0,1,0.0,1.0,0,1.0,0.0,0,0.0,0.0
OMAXE,Omaxe Limited,Real Estate,2.0,0.0,0,0.0,2.0,,-2.4552648,,,-0.305,,-0.52015,,0,,0.0,0.0,0,0.0,0,0,0,0.0,0.0,0,0.0,2.0,0,0.0,2.0
CROMPTON,Crompton Greaves Consumer Electricals Limited,Consumer Cyclical,2.0,0.0,1,1.0,0.0,,5.5395184,,,0.073,-0.105,0.058590002,4.826,0,,0.0,0.0,0,0.0,1,0,1,0.0,1.0,0,1.0,0.0,0,0.0,0.0
TATAPOWER,Tata Power Company Limited,Utilities,2.0,0.0,0,2.0,0.0,35.37937,3.5026712,,0.11336,-0.128,-0.046,0.06002,167.811,0,-19.1,0.0,0.0,0,0.0,0,0,0,1.0,1.0,0,2.0,0.0,0,0.0,0.0
PCBL,PCBL Chemical Limited,Basic Materials,2.0,1.0,0,0.0,1.0,40.465973,2.6943836,,0.05125,-0.01,-0.613,0.02416,124.132,0,-74.9,1.0,0.0,0,1.0,0,0,0,0.0,0.0,0,0.0,0.0,0,1.0,1.0
PIIND,PI Industries Limited,Basic Materials,2.0,0.0,0,2.0,0.0,32.656773,4.3781466,,,-0.276,-0.164,0.20922,2.237,0,-41.2,0.0,0.0,0,0.0,0,0,0,0.0,2.0,0,2.0,0.0,0,0.0,0.0
TORNTPOWER,Torrent Power Limited,Utilities,2.0,0.0,0,2.0,0.0,30.84601,3.9659429,,0.13022,-0.008,-0.7,0.08342,70.885,0,-3.9,0.0,0.0,0,0.0,0,0,0,1.0,1.0,0,2.0,0.0,0,0.0,0.0
VOLTAS,Voltas Limited,Consumer Cyclical,1.5,0.0,1,0.0,0.5,114.26316,6.8088083,,0.057189997,0.025,-0.518,0.02639,15.51,0,-252.9,0.0,0.0,0,0.0,1,0,1,0.0,0.0,0,0.0,0.0,0,0.5,0.5
UBL,United Breweries Limited,Consumer Defensive,1.5,0.0,1,0.0,0.5,86.54044,8.205331,,0.09292,-0.031,0.043,0.04472,29.076,0,-98.5,0.0,0.0,0,0.0,0,1,1,0.0,0.0,0,0.0,0.0,0,0.5,0.5
GPIL,Godawari Power & Ispat Limited,Basic Materials,1.5,0.0,0,1.5,0.0,24.70663,3.4075315,,,-0.122,-0.038,0.14163,3.643,0,-6.8,0.0,0.0,0,0.0,0,0,0,0.0,1.5,0,1.5,0.0,0,0.0,0.0
VIPIND,V.I.P. Industries Limited,Consumer Cyclical,1.5,0.0,0,0.0,1.5,,9.0616865,,-0.74644,-0.11,,-0.17975001,254.843,0,,0.0,0.0,0,0.0,0,0,0,0.0,0.0,0,0.0,0.0,0,1.5,1.5
SUMICHEM,Sumitomo Chemical India Limited,Basic Materials,1.5,0.0,0,1.5,0.0,43.986866,7.322787,,,-0.115,-0.126,0.16429001,1.82,0,-90.2,0.0,0.0,0,0.0,0,0,0,0.0,1.5,0,1.5,0.0,0,0.0,0.0
SYMPHONY,Symphony Limited,Consumer Cyclical,1.0,0.0,0,0.0,1.0,,6.337644,,-0.216,-0.28,,-0.11829001,31.743,0,,0.0,0.0,0,0.0,0,0,0,0.0,0.0,0,0.0,0.0,1,0.0,1.0
ABFRL,Aditya Birla Fashion and Retail Limited,Consumer Cyclical,1.0,1.0,0,0.0,0.0,,1.2087101,,,-0.456,,-0.03649,84.682,0,,1.0,0.0,0,1.0,0,0,0,0.0,0.0,0,0.0,0.0,0,0.0,0.0
TIRUMALCHM,Thirumalai Chemicals Limited,Basic Materials,1.0,1.0,0,0.0,0.0,,1.4353932,,,-0.069,,-0.08394,136.102,0,,1.0,0.0,0,1.0,0,0,0,0.0,0.0,0,0.0,0.0,0,0.0,0.0
TITAGARH,Titagarh Rail Systems Limited,Industrials,1.0,0.0,0,1.0,0.0,54.190193,3.8840227,,,-0.078,-0.232,0.0548,25.09,0,-22.8,0.0,0.0,0,0.0,0,0,0,0.0,1.0,0,1.0,0.0,0,0.0,0.0
LXCHEM,Laxmi Organic Industries Limited,Basic Materials,1.0,1.0,0,0.0,0.0,53.88926,2.236972,,,-0.086,-0.124,0.028210001,17.29,0,-133.0,1.0,0.0,0,1.0,0,0,0,0.0,0.0,0,0.0,0.0,0,0.0,0.0
INDIGO,InterGlobe Aviation Limited,Industrials,1.0,0.0,1,0.0,0.0,50.99819,17.449284,,,0.062,-0.776,0.03793,866.462,0,-15.5,0.0,0.0,0,0.0,1,0,1,0.0,0.0,0,0.0,0.0,0,0.0,0.0
STEELXIND,Steel Exchange India Limited,Basic Materials,1.0,1.0,0,0.0,0.0,62.6875,1.4118806,,,-0.266,-0.846,0.018229999,50.244,0,-171.0,1.0,0.0,0,1.0,0,0,0,0.0,0.0,0,0.0,0.0,0,0.0,0.0
EASEMYTRIP,Easy Trip Planners Limited,Consumer Cyclical,1.0,0.0,1,0.0,0.0,,3.3557327,,,0.007,-0.778,-0.01942,4.102,0,,0.0,0.0,0,0.0,1,0,1,0.0,0.0,0,0.0,0.0,0,0.0,0.0
ABREL,Aditya Birla Real Estate Limited,Real Estate,0.5,0.0,0,0.0,0.5,,3.7994356,,-0.08911,,,-0.2535,152.371,0,,0.0,0.0,0,0.0,0,0,0,0.0,0.0,0,0.0,0.0,0,0.5,0.5
PRAJIND,Praj Industries Limited,Industrials,0.0,0.0,0,0.0,0.0,136.01399,5.490628,,,-0.014,,0.01635,16.118,0,-208.1,0.0,0.0,0,0.0,0,0,0,0.0,0.0,0,0.0,0.0,0,0.0,0.0
ITI,ITI Limited,Technology,0.0,0.0,0,0.0,0.0,,18.257011,,,-0.503,,-0.056750003,87.135,0,,0.0,0.0,0,0.0,0,0,0,0.0,0.0,0,0.0,0.0,0,0.0,0.0
MFSL,Max Financial Services Limited,Financial Services,0.0,0.0,0,0.0,0.0,674.125,20.30013,,0.01629,-0.402,,0.00176,12.673,0,-3336.6,0.0,0.0,0,0.0,0,0,0,0.0,0.0,0,0.0,0.0,0,0.0,0.0
