symbol,name,sector,risk_score,volatility_risk_score,concentration_risk_score,liquidity_risk_score,beta_score,beta,volatility_score,annual_volatility_pct,drawdown_score,max_drawdown_pct,volatility_risk_total,institutional_score,institutional_holding_pct,promoter_score,promoter_holding_pct,float_score,float_pct,concentration_risk_total,volume_score,avg_volume,mcap_score,market_cap_cr,liquidity_risk_total,risk_flags
MOTHERSON,Samvardhana Motherson International Limited,Consumer Cyclical,19.0,9.0,5.0,5.0,4,0.98,2.5,33.7,2.5,22.1,9.0,2.0,25.6,2.0,58.5,1.0,42.1,5.0,3.0,18673507,2.0,138475.0,5.0,NONE
HINDPETRO,Hindustan Petroleum Corporation Limited,Energy,18.5,8.5,5.0,5.0,4,0.98,2.5,33.9,2.0,36.0,8.5,2.0,22.8,2.0,55.0,1.0,45.0,5.0,3.0,5666809,2.0,78942.0,5.0,NONE
TORNTPOWER,Torrent Power Limited,Utilities,18.5,9.5,4.5,4.5,4,0.8,2.5,30.4,3.0,18.5,9.5,2.0,25.3,2.0,62.3,0.5,31.7,4.5,2.5,551166,2.0,74593.0,4.5,NONE
HINDALCO,Hindalco Industries Limited,Basic Materials,18.5,9.5,4.0,5.0,4,0.82,2.5,26.3,3.0,17.9,9.5,2.0,36.1,1.0,36.4,1.0,63.5,4.0,3.0,5527426,2.0,234416.0,5.0,NONE
GAIL,GAIL (India) Limited,Utilities,18.5,8.5,5.0,5.0,3,0.6,3.0,24.2,2.5,29.8,8.5,2.0,28.5,2.0,63.7,1.0,41.0,5.0,3.0,11015174,2.0,102650.0,5.0,NONE
PFC,Power Finance Corporation Limited,Financial Services,18.0,8.0,5.0,5.0,3,0.69,2.5,27.3,2.5,20.8,8.0,2.0,23.3,2.0,56.0,1.0,42.9,5.0,3.0,6818759,2.0,142432.0,5.0,NONE
NMDC,NMDC Limited,Basic Materials,17.5,8.5,4.0,5.0,3,0.68,2.5,27.0,3.0,11.4,8.5,1.5,18.8,2.0,60.8,0.5,39.2,4.0,3.0,22827921,2.0,78265.0,5.0,NONE
NATIONALUM,National Aluminium Company Limited,Basic Materials,17.5,8.0,4.5,5.0,3,0.6,2.0,36.9,3.0,20.0,8.0,1.5,19.1,2.0,51.3,1.0,48.7,4.5,3.0,11745695,2.0,73272.0,5.0,NONE
ABCAPITAL,Aditya Birla Capital Limited,Financial Services,17.5,8.5,4.0,5.0,3,0.71,2.5,32.1,3.0,19.7,8.5,1.5,15.0,2.0,68.5,0.5,31.4,4.0,3.0,5649681,2.0,92043.0,5.0,NONE
UNIONBANK,Union Bank of India,Financial Services,17.5,9.0,3.5,5.0,4,0.94,2.5,32.0,2.5,21.4,9.0,1.5,14.2,1.5,74.8,0.5,25.2,3.5,3.0,14260959,2.0,121344.0,5.0,NONE
ABCAPITAL,Aditya Birla Capital Limited,Financial Services,17.5,8.5,4.0,5.0,3,0.71,2.5,32.1,3.0,19.7,8.5,1.5,15.0,2.0,68.5,0.5,31.4,4.0,3.0,5649681,2.0,92043.0,5.0,NONE
UNIONBANK,Union Bank of India,Financial Services,17.5,9.0,3.5,5.0,4,0.94,2.5,32.0,2.5,21.4,9.0,1.5,14.2,1.5,74.8,0.5,25.2,3.5,3.0,14260959,2.0,121344.0,5.0,NONE
TATASTEEL,Tata Steel Limited,Basic Materials,17.5,8.5,4.0,5.0,3,0.79,2.5,26.7,3.0,14.9,8.5,2.0,33.8,1.0,35.5,1.0,65.3,4.0,3.0,27123526,2.0,261023.0,5.0,NONE
SBIN,State Bank of India,Financial Services,17.5,7.5,5.0,5.0,2,0.47,3.0,22.2,2.5,22.1,7.5,2.0,29.0,2.0,57.0,1.0,44.3,5.0,3.0,11984753,2.0,875801.0,5.0,NONE
BAJAJCON,Bajaj Consumer Care Limited,Consumer Defensive,17.5,9.0,4.5,4.0,4,0.81,2.0,49.5,3.0,18.0,9.0,2.0,24.1,1.5,44.0,1.0,56.0,4.5,3.0,1390060,1.0,6880.0,4.0,NONE
BAJAJ-AUTO,Bajaj Auto Limited,Consumer Cyclical,17.5,9.0,4.5,4.0,3,0.71,3.0,22.1,3.0,13.4,9.0,1.5,17.2,2.0,60.0,1.0,40.2,4.5,2.0,370956,2.0,284997.0,4.0,NONE
NMDC,NMDC Limited,Basic Materials,17.5,8.5,4.0,5.0,3,0.68,2.5,27.0,3.0,11.4,8.5,1.5,18.8,2.0,60.8,0.5,39.2,4.0,3.0,22827921,2.0,78265.0,5.0,NONE
FORTIS,Fortis Healthcare Limited,Healthcare,17.0,8.0,4.0,5.0,3,0.7,2.5,27.0,2.5,28.2,8.0,2.0,46.8,1.0,35.2,1.0,64.8,4.0,3.0,2164976,2.0,72518.0,5.0,NONE
SBILIFE,SBI Life Insurance Company Limited,Financial Services,17.0,7.0,5.0,5.0,1,0.36,3.0,19.2,3.0,16.0,7.0,2.0,29.8,2.0,58.5,1.0,41.4,5.0,3.0,1043006,2.0,188737.0,5.0,NONE
SBILIFE,SBI Life Insurance Company Limited,Financial Services,17.0,7.0,5.0,5.0,1,0.36,3.0,19.2,3.0,16.0,7.0,2.0,29.8,2.0,58.5,1.0,41.4,5.0,3.0,1043006,2.0,188737.0,5.0,NONE
RECLTD,REC Limited,Financial Services,17.0,7.0,5.0,5.0,2,0.41,2.5,26.2,2.5,24.5,7.0,2.0,21.8,2.0,52.6,1.0,46.0,5.0,3.0,7152887,2.0,88016.0,5.0,NONE
DABUR,Dabur India Limited,Consumer Defensive,17.0,7.5,4.5,5.0,2,0.41,3.0,22.5,2.5,25.3,7.5,2.0,23.0,2.0,67.6,0.5,33.2,4.5,3.0,2310093,2.0,80313.0,5.0,NONE
INDIGO,InterGlobe Aviation Limited,Industrials,17.0,7.5,4.5,5.0,3,0.61,2.5,31.9,2.0,35.9,7.5,2.0,44.3,1.5,41.6,1.0,55.4,4.5,3.0,1587854,2.0,163563.0,5.0,NONE
POWERGRID,Power Grid Corporation of India Limited,Utilities,17.0,7.0,5.0,5.0,1,0.24,3.0,19.9,3.0,13.8,7.0,2.0,35.7,2.0,52.6,1.0,46.1,5.0,3.0,12678009,2.0,277716.0,5.0,NONE
CUMMINSIND,Cummins India Limited,Industrials,17.0,7.5,5.0,4.5,2,0.53,2.5,25.2,3.0,14.6,7.5,2.0,27.9,2.0,51.3,1.0,48.7,5.0,2.5,605123,2.0,145641.0,4.5,NONE
RECLTD,REC Limited,Financial Services,17.0,7.0,5.0,5.0,2,0.41,2.5,26.2,2.5,24.5,7.0,2.0,21.8,2.0,52.6,1.0,46.0,5.0,3.0,7152887,2.0,88016.0,5.0,NONE
MARICO,Marico Limited,Consumer Defensive,17.0,7.0,5.0,5.0,1,0.17,3.0,17.7,3.0,10.5,7.0,2.0,24.0,2.0,59.2,1.0,42.2,5.0,3.0,1858620,2.0,107740.0,5.0,NONE
MARICO,Marico Limited,Consumer Defensive,17.0,7.0,5.0,5.0,1,0.17,3.0,17.7,3.0,10.5,7.0,2.0,24.0,2.0,59.2,1.0,42.2,5.0,3.0,1858620,2.0,107740.0,5.0,NONE
BRITANNIA,Britannia Industries Limited,Consumer Defensive,17.0,8.0,5.0,4.0,2,0.54,3.0,20.2,3.0,15.3,8.0,2.0,25.6,2.0,50.5,1.0,48.8,5.0,2.0,350416,2.0,130466.0,4.0,NONE
TATACONSUM,Tata Consumer Products Limited,Consumer Defensive,17.0,8.0,4.0,5.0,2,0.41,3.0,21.7,3.0,16.3,8.0,2.0,34.1,1.0,34.4,1.0,64.5,4.0,3.0,1334325,2.0,119826.0,5.0,NONE
NESTLEIND,Nestlé India Limited,Consumer Defensive,17.0,8.0,4.0,5.0,2,0.49,3.0,20.5,3.0,12.0,8.0,1.5,17.1,2.0,62.9,0.5,36.4,4.0,3.0,1458032,2.0,276019.0,5.0,NONE
RELIANCE,Reliance Industries Limited,Energy,17.0,7.0,5.0,5.0,1,0.24,3.0,19.8,3.0,18.1,7.0,2.0,27.9,2.0,51.2,1.0,48.8,5.0,3.0,12628593,2.0,1789940.0,5.0,NONE
COALINDIA,Coal India Limited,Energy,17.0,7.0,5.0,5.0,1,0.0,3.0,21.6,3.0,10.3,7.0,2.0,25.1,2.0,63.1,1.0,41.2,5.0,3.0,7835423,2.0,281606.0,5.0,NONE
SUNPHARMA,Sun Pharmaceutical Industries Limited,Healthcare,17.0,7.0,5.0,5.0,1,0.1,3.0,19.8,3.0,13.2,7.0,2.0,29.8,2.0,55.6,1.0,44.5,5.0,3.0,2682987,2.0,451627.0,5.0,NONE
COALINDIA,Coal India Limited,Energy,17.0,7.0,5.0,5.0,1,0.0,3.0,21.6,3.0,10.3,7.0,2.0,25.1,2.0,63.1,1.0,41.2,5.0,3.0,7835423,2.0,281606.0,5.0,NONE
BANKINDIA,Bank of India Limited,Financial Services,17.0,9.0,3.0,5.0,4,0.82,2.5,31.2,2.5,22.7,9.0,1.5,14.2,1.5,73.4,0.0,18.2,3.0,3.0,10007123,2.0,63118.0,5.0,NONE
ADANIPORTS,Adani Ports and Special Economic Zone Limited,Industrials,17.0,7.5,4.5,5.0,2,0.5,2.5,27.3,3.0,17.0,7.5,2.0,20.5,2.0,68.1,0.5,37.9,4.5,3.0,2372827,2.0,406142.0,5.0,NONE
GRAPHITE,Graphite India Limited,Industrials,17.0,8.5,4.0,4.5,4,0.91,2.0,39.1,2.5,22.8,8.5,1.5,12.1,2.0,66.0,0.5,33.8,4.0,3.0,1486625,1.5,14614.0,4.5,NONE
BAJFINANCE,Bajaj Finance Limited,Financial Services,17.0,7.0,5.0,5.0,2,0.41,2.5,28.7,2.5,26.7,7.0,2.0,24.6,2.0,56.3,1.0,42.5,5.0,3.0,8014202,2.0,574252.0,5.0,NONE
NTPC,NTPC Limited,Utilities,17.0,7.0,5.0,5.0,1,0.32,3.0,17.9,3.0,7.9,7.0,2.0,38.7,2.0,53.3,1.0,44.8,5.0,3.0,10794984,2.0,377588.0,5.0,NONE
HINDUNILVR,Hindustan Unilever Limited,Consumer Defensive,17.0,7.5,4.5,5.0,2,0.4,3.0,20.2,2.5,23.2,7.5,1.5,19.5,2.0,62.3,1.0,43.4,4.5,3.0,1669702,2.0,524640.0,5.0,NONE
AARTIIND,Aarti Industries Limited,Basic Materials,17.0,8.0,4.5,4.5,3,0.66,2.5,33.8,2.5,29.6,8.0,2.0,22.3,1.5,42.5,1.0,56.5,4.5,3.0,1125779,1.5,17037.0,4.5,NONE
SUNPHARMA,Sun Pharmaceutical Industries Limited,Healthcare,17.0,7.0,5.0,5.0,1,0.1,3.0,19.8,3.0,13.2,7.0,2.0,29.8,2.0,55.6,1.0,44.5,5.0,3.0,2682987,2.0,451627.0,5.0,NONE
MANAPPURAM,Manappuram Finance Limited,Financial Services,16.5,8.0,4.0,4.5,3,0.69,2.5,32.2,2.5,21.4,8.0,2.0,32.7,1.0,32.9,1.0,52.4,4.0,3.0,4907539,1.5,29617.0,4.5,NONE
ASHOKLEY,Ashok Leyland Limited,Industrials,16.5,7.0,4.5,5.0,2,0.47,2.5,33.3,2.5,30.0,7.0,2.0,25.5,1.5,40.1,1.0,57.6,4.5,3.0,17307414,2.0,88918.0,5.0,NONE
AUROPHARMA,Aurobindo Pharma Limited,Healthcare,16.5,6.5,5.0,5.0,1,0.03,2.5,25.6,3.0,14.8,6.5,2.0,29.2,2.0,54.7,1.0,48.5,5.0,3.0,1343978,2.0,87043.0,5.0,NONE
AUROPHARMA,Aurobindo Pharma Limited,Healthcare,16.5,6.5,5.0,5.0,1,0.03,2.5,25.6,3.0,14.8,6.5,2.0,29.2,2.0,54.7,1.0,48.5,5.0,3.0,1343978,2.0,87043.0,5.0,NONE
PNB,Punjab National Bank,Financial Services,16.5,8.0,3.5,5.0,3,0.6,2.5,27.3,2.5,24.8,8.0,1.5,18.5,1.5,70.1,0.5,30.1,3.5,3.0,19531792,2.0,116424.0,5.0,NONE
BHARTIARTL,Bharti Airtel Limited,Communication Services,16.5,7.0,4.5,5.0,1,0.04,3.0,19.3,3.0,18.8,7.0,2.0,32.4,1.5,48.0,1.0,50.2,4.5,3.0,7405765,2.0,1165603.0,5.0,NONE
CHOLAFIN,Cholamandalam Investment and Finance Company Limited,Financial Services,16.5,7.0,4.5,5.0,2,0.59,2.5,31.6,2.5,24.9,7.0,2.0,35.3,1.5,49.3,1.0,50.5,4.5,3.0,1755581,2.0,128820.0,5.0,NONE
LUPIN,Lupin Limited,Healthcare,16.5,7.0,4.5,5.0,1,0.23,3.0,20.9,3.0,9.9,7.0,2.0,34.3,1.5,47.0,1.0,52.9,4.5,3.0,1000511,2.0,104584.0,5.0,NONE
ASIANPAINT,Asian Paints Limited,Basic Materials,16.5,6.5,5.0,5.0,1,0.28,3.0,23.7,2.5,28.5,6.5,2.0,26.9,2.0,52.9,1.0,46.2,5.0,3.0,1227080,2.0,249315.0,5.0,NONE
MANAPPURAM,Manappuram Finance Limited,Financial Services,16.5,8.0,4.0,4.5,3,0.69,2.5,32.2,2.5,21.4,8.0,2.0,32.7,1.0,32.9,1.0,52.4,4.0,3.0,4907539,1.5,29617.0,4.5,NONE
PETRONET,Petronet LNG Limited,Energy,16.5,7.0,5.0,4.5,2,0.5,2.5,28.4,2.5,26.4,7.0,2.0,27.6,2.0,50.2,1.0,48.6,5.0,3.0,2912382,1.5,39773.0,4.5,NONE
BEL,Bharat Electronics Limited,Industrials,16.5,6.5,5.0,5.0,1,0.3,2.5,25.8,3.0,15.6,6.5,2.0,26.5,2.0,53.2,1.0,47.9,5.0,3.0,17249159,2.0,309167.0,5.0,NONE
PETRONET,Petronet LNG Limited,Energy,16.5,7.0,5.0,4.5,2,0.5,2.5,28.4,2.5,26.4,7.0,2.0,27.6,2.0,50.2,1.0,48.6,5.0,3.0,2912382,1.5,39773.0,4.5,NONE
HUDCO,Housing and Urban Development Corporation Limited,Financial Services,16.5,8.5,3.5,4.5,4,0.98,2.5,33.1,2.0,33.8,8.5,1.5,11.2,1.5,75.0,0.5,25.0,3.5,3.0,4799343,1.5,40460.0,4.5,NONE
ONGC,Oil and Natural Gas Corporation Limited,Energy,16.5,7.0,4.5,5.0,1,0.19,3.0,22.0,3.0,9.4,7.0,2.0,22.7,2.0,69.2,0.5,30.8,4.5,3.0,13606392,2.0,373005.0,5.0,NONE
OIL,Oil India Limited,Energy,16.0,6.5,4.5,5.0,1,0.28,2.5,30.5,3.0,18.8,6.5,2.0,21.0,2.0,66.6,0.5,33.4,4.5,3.0,4020185,2.0,81607.0,5.0,NONE
GSPL,Gujarat State Petronet Limited,,16.0,7.5,4.5,4.0,3,0.77,2.5,27.4,2.0,33.3,7.5,2.0,34.2,1.5,49.1,1.0,50.9,4.5,2.5,919748,1.5,15629.0,4.0,NONE
YESBANK,Yes Bank Limited,Financial Services,16.0,7.0,4.0,5.0,2,0.41,2.5,29.1,2.5,28.2,7.0,1.5,15.6,1.5,44.2,1.0,49.2,4.0,3.0,100453007,2.0,68954.0,5.0,NONE
COLPAL,Colgate-Palmolive (India) Limited,Consumer Defensive,16.0,7.0,5.0,4.0,2,0.56,3.0,23.7,2.0,31.3,7.0,2.0,21.4,2.0,51.4,1.0,48.6,5.0,2.0,488341,2.0,59519.0,4.0,NONE
CANBK,Canara Bank,Financial Services,16.0,7.0,4.0,5.0,2,0.56,2.5,28.2,2.5,22.3,7.0,1.5,16.0,2.0,64.5,0.5,34.0,4.0,3.0,25685360,2.0,114426.0,5.0,NONE
COLPAL,Colgate-Palmolive (India) Limited,Consumer Defensive,16.0,7.0,5.0,4.0,2,0.56,3.0,23.7,2.0,31.3,7.0,2.0,21.4,2.0,51.4,1.0,48.6,5.0,2.0,488341,2.0,59519.0,4.0,NONE
INDUSTOWER,Indus Towers Limited,Communication Services,16.0,6.0,5.0,5.0,1,0.02,2.5,27.0,2.5,23.9,6.0,2.0,28.9,2.0,51.1,1.0,48.9,5.0,3.0,6979365,2.0,113584.0,5.0,NONE
AUBANK,AU Small Finance Bank Limited,Financial Services,16.0,7.5,3.5,5.0,2,,2.5,28.9,3.0,18.2,7.5,2.0,45.9,1.0,31.3,0.5,25.1,3.5,3.0,2653977,2.0,72733.0,5.0,NONE
TATACOMM,Tata Communications Limited,Communication Services,16.0,7.5,5.0,3.5,3,0.61,2.5,30.7,2.0,31.6,7.5,2.0,25.3,2.0,60.5,1.0,53.6,5.0,2.0,490483,1.5,46928.0,3.5,NONE
UPL,UPL Limited,Basic Materials,16.0,7.0,4.0,5.0,2,0.58,2.5,31.4,2.5,29.5,7.0,2.0,40.4,1.0,33.8,1.0,66.1,4.0,3.0,2584814,2.0,53532.0,5.0,NONE
GODREJCP,Godrej Consumer Products Limited,Consumer Defensive,16.0,6.5,4.5,5.0,1,0.39,3.0,24.3,2.5,22.9,6.5,2.0,20.9,2.0,65.2,0.5,35.4,4.5,3.0,1372613,2.0,104576.0,5.0,NONE
OIL,Oil India Limited,Energy,16.0,6.5,4.5,5.0,1,0.28,2.5,30.5,3.0,18.8,6.5,2.0,21.0,2.0,66.6,0.5,33.4,4.5,3.0,4020185,2.0,81607.0,5.0,NONE
UNITDSPR,UNITDSPR,Consumer Defensive,16.0,6.5,4.5,5.0,1,0.26,3.0,23.6,2.5,23.5,6.5,2.0,22.5,2.0,59.5,0.5,37.1,4.5,3.0,1097944,2.0,94919.0,5.0,NONE
TATACOMM,Tata Communications Limited,Communication Services,16.0,7.5,5.0,3.5,3,0.61,2.5,30.7,2.0,31.6,7.5,2.0,25.3,2.0,60.5,1.0,53.6,5.0,2.0,490483,1.5,46928.0,3.5,NONE
STLTECH,Sterlite Technologies Limited,Technology,16.0,7.0,4.5,4.5,4,1.07,1.0,65.0,2.0,37.3,7.0,1.5,12.5,2.0,53.5,1.0,49.5,4.5,3.0,5799737,1.5,19571.0,4.5,HIGH_VOLATILITY
EXIDEIND,Exide Industries Limited,Consumer Cyclical,16.0,6.5,5.0,4.5,2,0.58,2.5,25.2,2.0,32.6,6.5,2.0,21.8,2.0,50.9,1.0,49.1,5.0,3.0,2207630,1.5,29295.0,4.5,NONE
NHPC,NHPC Limited,Utilities,16.0,7.0,4.0,5.0,1,0.24,3.0,23.4,3.0,18.6,7.0,1.5,15.5,2.0,68.5,0.5,32.6,4.0,3.0,13619155,2.0,79416.0,5.0,NONE
YESBANK,Yes Bank Limited,Financial Services,16.0,7.0,4.0,5.0,2,0.41,2.5,29.1,2.5,28.2,7.0,1.5,15.6,1.5,44.2,1.0,49.2,4.0,3.0,100453007,2.0,68954.0,5.0,NONE
UPL,UPL Limited,Basic Materials,16.0,7.0,4.0,5.0,2,0.58,2.5,31.4,2.5,29.5,7.0,2.0,40.4,1.0,33.8,1.0,66.1,4.0,3.0,2584814,2.0,53532.0,5.0,NONE
GRASIM,Grasim Industries Limited,Basic Materials,16.0,7.0,4.5,4.5,1,0.29,3.0,21.1,3.0,14.5,7.0,2.0,23.4,1.5,49.8,1.0,53.3,4.5,2.5,712157,2.0,199057.0,4.5,NONE
CGPOWER,CG Power and Industrial Solutions Limited,Industrials,16.0,6.5,4.5,5.0,2,0.41,2.5,30.3,2.0,33.0,6.5,1.5,18.3,2.0,60.0,1.0,43.5,4.5,3.0,3135287,2.0,129052.0,5.0,NONE
POLYCAB,Polycab India Limited,Industrials,16.0,8.0,4.0,4.0,3,0.61,2.5,28.8,2.5,21.1,8.0,1.5,18.2,2.0,64.7,0.5,32.2,4.0,2.0,359452,2.0,137942.0,4.0,NONE
ULTRACEMCO,UltraTech Cement Limited,Basic Materials,16.0,7.5,4.5,4.0,2,0.49,3.0,22.3,2.5,20.6,7.5,2.0,21.6,2.0,60.6,0.5,,4.5,2.0,270004,2.0,334412.0,4.0,NONE
GRASIM,Grasim Industries Limited,Basic Materials,16.0,7.0,4.5,4.5,1,0.29,3.0,21.1,3.0,14.5,7.0,2.0,23.4,1.5,49.8,1.0,53.3,4.5,2.5,712157,2.0,199057.0,4.5,NONE
TVSMOTOR,TVS Motor Company Limited,Consumer Cyclical,16.0,6.5,5.0,4.5,1,0.08,2.5,25.8,3.0,16.7,6.5,2.0,26.4,2.0,52.1,1.0,49.4,5.0,2.5,826659,2.0,156036.0,4.5,NONE
ULTRACEMCO,UltraTech Cement Limited,Basic Materials,16.0,7.5,4.5,4.0,2,0.49,3.0,22.3,2.5,20.6,7.5,2.0,21.6,2.0,60.6,0.5,,4.5,2.0,270004,2.0,334412.0,4.0,NONE
TATAPOWER,Tata Power Company Limited,Utilities,16.0,7.0,4.0,5.0,1,0.37,3.0,21.2,3.0,16.7,7.0,1.5,19.9,1.5,46.9,1.0,52.5,4.0,3.0,5493278,2.0,132607.0,5.0,NONE
TATAPOWER,Tata Power Company Limited,Utilities,16.0,7.0,4.0,5.0,1,0.37,3.0,21.2,3.0,16.7,7.0,1.5,19.9,1.5,46.9,1.0,52.5,4.0,3.0,5493278,2.0,132607.0,5.0,NONE
DIVISLAB,Divi's Laboratories Limited,Healthcare,16.0,7.0,5.0,4.0,1,0.22,3.0,22.2,3.0,18.2,7.0,2.0,28.7,2.0,52.0,1.0,44.3,5.0,2.0,378168,2.0,183492.0,4.0,NONE
VBL,Varun Beverages Limited,Consumer Defensive,15.5,6.0,4.5,5.0,1,0.27,2.5,29.1,2.5,26.8,6.0,2.0,23.4,2.0,60.6,0.5,38.5,4.5,3.0,6465032,2.0,174121.0,5.0,NONE
PIDILITIND,Pidilite Industries Limited,Basic Materials,15.5,7.0,4.0,4.5,1,0.37,3.0,20.6,3.0,18.5,7.0,1.5,16.3,2.0,69.4,0.5,35.7,4.0,2.5,688407,2.0,148168.0,4.5,NONE
HCLTECH,HCL Technologies Limited,Technology,15.5,6.0,4.5,5.0,1,0.07,3.0,24.7,2.0,33.8,6.0,2.0,27.5,2.0,62.7,0.5,38.6,4.5,3.0,3118313,2.0,319105.0,5.0,NONE
MGL,Mahanagar Gas Limited,Utilities,15.5,7.5,4.5,3.5,3,0.78,2.5,30.7,2.0,39.7,7.5,2.0,27.5,1.5,43.6,1.0,57.5,4.5,2.0,391342,1.5,10465.0,3.5,NONE
LT,Larsen & Toubro Limited,Industrials,15.5,7.5,3.0,5.0,2,0.49,3.0,24.3,2.5,24.3,7.5,2.0,48.8,0.0,17.2,1.0,83.1,3.0,3.0,2159907,2.0,539400.0,5.0,NONE
IDBI,IDBI Bank Limited,Financial Services,15.5,7.0,3.5,5.0,4,0.91,2.0,43.3,1.0,47.0,7.0,2.0,49.6,1.5,45.6,0.0,5.2,3.5,3.0,14614061,2.0,79095.0,5.0,NONE
SRF,SRF Limited,Industrials,15.5,6.0,5.0,4.5,1,0.02,2.5,28.0,2.5,27.0,6.0,2.0,28.3,2.0,52.2,1.0,47.6,5.0,2.5,505832,2.0,78168.0,4.5,NONE
SRF,SRF Limited,Industrials,15.5,6.0,5.0,4.5,1,0.02,2.5,28.0,2.5,27.0,6.0,2.0,28.3,2.0,52.2,1.0,47.6,5.0,2.5,505832,2.0,78168.0,4.5,NONE
PRESTIGE,Prestige Estates Projects Limited,Real Estate,15.5,6.5,4.5,4.5,2,0.44,2.5,31.4,2.0,37.6,6.5,2.0,29.4,2.0,63.5,0.5,36.1,4.5,2.5,797167,2.0,59316.0,4.5,NONE
HAVELLS,Havells India Limited,Industrials,15.5,6.5,4.5,4.5,1,0.28,3.0,23.0,2.5,26.7,6.5,2.0,23.3,2.0,63.6,0.5,39.5,4.5,2.5,904402,2.0,75722.0,4.5,NONE
CHAMBLFERT,Chambal Fertilisers and Chemicals Limited,Basic Materials,15.5,6.5,4.5,4.5,2,,2.5,28.8,2.0,30.3,6.5,1.5,11.8,2.0,62.8,1.0,52.5,4.5,3.0,1296266,1.5,18160.0,4.5,NONE
LAURUSLABS,Laurus Labs Limited,Healthcare,15.5,6.5,4.0,5.0,1,0.35,2.5,29.1,3.0,16.3,6.5,2.0,29.4,1.0,32.1,1.0,67.3,4.0,3.0,1993599,2.0,72623.0,5.0,NONE
CHAMBLFERT,Chambal Fertilisers and Chemicals Limited,Basic Materials,15.5,6.5,4.5,4.5,2,,2.5,28.8,2.0,30.3,6.5,1.5,11.8,2.0,62.8,1.0,52.5,4.5,3.0,1296266,1.5,18160.0,4.5,NONE
REDINGTON,Redington Limited,Technology,15.5,8.0,3.0,4.5,4,0.9,2.0,49.4,2.0,38.0,8.0,2.0,36.3,0.0,26.0,1.0,74.9,3.0,3.0,5392935,1.5,17296.0,4.5,NONE
GLENMARK,Glenmark Pharmaceuticals Limited,Healthcare,15.5,6.5,4.5,4.5,1,0.31,2.5,30.1,3.0,18.5,6.5,2.0,26.1,1.5,49.0,1.0,50.2,4.5,2.5,864745,2.0,67895.0,4.5,NONE
GLENMARK,Glenmark Pharmaceuticals Limited,Healthcare,15.5,6.5,4.5,4.5,1,0.31,2.5,30.1,3.0,18.5,6.5,2.0,26.1,1.5,49.0,1.0,50.2,4.5,2.5,864745,2.0,67895.0,4.5,NONE
PIDILITIND,Pidilite Industries Limited,Basic Materials,15.5,7.0,4.0,4.5,1,0.37,3.0,20.6,3.0,18.5,7.0,1.5,16.3,2.0,69.4,0.5,35.7,4.0,2.5,688407,2.0,148168.0,4.5,NONE
ASTRAL,Astral Limited,Industrials,15.5,6.5,5.0,4.0,1,0.15,2.5,29.7,3.0,19.2,6.5,2.0,26.0,2.0,54.3,1.0,44.7,5.0,2.5,770237,1.5,38925.0,4.0,NONE
CONCOR,Container Corporation of India Limited,Industrials,15.5,6.0,5.0,4.5,1,0.37,3.0,23.7,2.0,33.6,6.0,2.0,38.8,2.0,57.9,1.0,45.1,5.0,3.0,1678824,1.5,38507.0,4.5,NONE
TITAN,Titan Company Limited,Consumer Cyclical,15.5,7.0,4.0,4.5,1,0.29,3.0,22.9,3.0,11.3,7.0,1.5,19.9,2.0,58.8,0.5,37.2,4.0,2.5,980467,2.0,363866.0,4.5,NONE
RBLBANK,RBL Bank Limited,Financial Services,15.5,8.5,2.5,4.5,3,0.64,2.5,32.8,3.0,13.0,8.5,1.5,52.8,0.0,2.7,1.0,91.2,2.5,3.0,9139495,1.5,20024.0,4.5,NONE
ADANIENT,Adani Enterprises Limited,Energy,15.5,7.5,3.0,5.0,3,0.77,2.5,33.6,2.0,34.3,7.5,1.5,14.3,1.0,77.3,0.5,32.5,3.0,3.0,1491279,2.0,373582.0,5.0,NONE
KIRLOSENG,Kirloskar Oil Engines Limited,Industrials,15.5,7.0,4.5,4.0,2,,2.0,40.8,3.0,16.6,7.0,2.0,30.2,1.5,42.9,1.0,57.1,4.5,2.5,546591,1.5,24137.0,4.0,NONE
GESHIP,The Great Eastern Shipping Company Limited,Industrials,15.5,7.5,4.0,4.0,2,,2.5,31.5,3.0,10.5,7.5,2.0,25.2,1.0,30.8,1.0,69.2,4.0,2.5,649296,1.5,24497.0,4.0,NONE
HEROMOTOCO,Hero MotoCorp Limited,Consumer Cyclical,15.5,7.0,4.0,4.5,2,0.56,2.5,26.8,2.5,20.4,7.0,2.0,36.8,1.0,37.4,1.0,64.7,4.0,2.5,684025,2.0,100197.0,4.5,NONE
NBCC,NBCC (India) Limited,Industrials,15.5,7.0,4.0,4.5,3,0.67,2.0,35.0,2.0,39.4,7.0,1.5,14.4,2.0,61.8,0.5,38.5,4.0,3.0,11172858,1.5,25132.0,4.5,NONE
BAJAJFINSV,Bajaj Finserv Ltd.,Financial Services,15.5,6.5,4.0,5.0,1,0.36,3.0,22.1,2.5,25.0,6.5,1.5,14.8,2.0,63.9,0.5,34.7,4.0,3.0,1244102,2.0,279707.0,5.0,NONE
JSWENERGY,JSW Energy Limited,Utilities,15.5,6.5,4.0,5.0,1,-0.13,2.5,29.6,3.0,19.8,6.5,1.5,17.2,2.0,68.9,0.5,30.3,4.0,3.0,3166632,2.0,93628.0,5.0,NONE
JSWENERGY,JSW Energy Limited,Utilities,15.5,6.5,4.0,5.0,1,-0.13,2.5,29.6,3.0,19.8,6.5,1.5,17.2,2.0,68.9,0.5,30.3,4.0,3.0,3166632,2.0,93628.0,5.0,NONE
INDHOTEL,The Indian Hotels Company Limited,Consumer Cyclical,15.5,6.5,4.0,5.0,1,-0.13,3.0,24.6,2.5,29.2,6.5,2.0,32.1,1.0,39.4,1.0,59.9,4.0,3.0,2835906,2.0,92915.0,5.0,NONE
INDHOTEL,The Indian Hotels Company Limited,Consumer Cyclical,15.5,6.5,4.0,5.0,1,-0.13,3.0,24.6,2.5,29.2,6.5,2.0,32.1,1.0,39.4,1.0,59.9,4.0,3.0,2835906,2.0,92915.0,5.0,NONE
PTC,PTC India Limited,Utilities,15.0,8.0,3.0,4.0,3,0.79,2.5,30.7,2.5,20.5,8.0,2.0,21.2,0.0,21.7,1.0,79.0,3.0,3.0,1334872,1.0,6132.0,4.0,NONE
FINCABLES,Finolex Cables Limited,Industrials,15.0,7.0,4.5,3.5,2,0.49,2.5,30.7,2.5,27.6,7.0,1.5,19.0,2.0,58.7,1.0,43.2,4.5,2.0,357413,1.5,16154.0,3.5,NONE
CANFINHOME,Can Fin Homes Limited,Financial Services,15.0,7.5,4.0,3.5,2,0.43,2.5,26.3,3.0,16.6,7.5,2.0,29.7,1.0,38.7,1.0,67.6,4.0,2.0,227411,1.5,11165.0,3.5,NONE
JBCHEPHARM,J. B. Chemicals & Pharmaceuticals Limited,Healthcare,15.0,7.0,4.5,3.5,1,-0.04,3.0,22.6,3.0,10.7,7.0,2.0,29.3,1.5,49.2,1.0,49.5,4.5,2.0,249937,1.5,34867.0,3.5,NONE
HAL,Hindustan Aeronautics Limited,Industrials,15.0,6.5,3.5,5.0,2,0.55,2.5,27.2,2.0,31.0,6.5,1.5,13.0,1.5,71.6,0.5,27.6,3.5,3.0,1346516,2.0,289794.0,5.0,NONE
VGUARD,V-Guard Industries Limited,Industrials,15.0,6.5,5.0,3.5,1,0.08,3.0,22.7,2.5,25.7,6.5,2.0,35.0,2.0,55.9,1.0,43.3,5.0,2.0,339316,1.5,13665.0,3.5,NONE
NAZARA,Nazara Technologies Limited,Communication Services,15.0,6.0,4.5,4.5,2,,2.0,40.4,2.0,39.1,6.0,2.0,26.2,1.5,41.1,1.0,62.7,4.5,3.0,3605374,1.5,10927.0,4.5,NONE
GODREJPROP,Godrej Properties Limited,Real Estate,15.0,5.5,5.0,4.5,2,0.48,2.5,34.4,1.0,40.4,5.5,2.0,23.9,2.0,57.6,1.0,40.7,5.0,2.5,928672,2.0,51669.0,4.5,NONE
PHOENIXLTD,The Phoenix Mills Limited,Real Estate,15.0,6.0,4.5,4.5,1,0.33,2.5,27.1,2.5,24.3,6.0,2.0,36.4,1.5,47.9,1.0,52.0,4.5,2.5,617496,2.0,61579.0,4.5,NONE
SBICARD,SBI Cards and Payment Services Limited,Financial Services,15.0,5.5,4.5,5.0,1,0.28,2.5,26.0,2.0,38.4,5.5,2.0,24.5,2.0,68.6,0.5,31.4,4.5,3.0,1245514,2.0,59361.0,5.0,NONE
NAUKRI,Info Edge (India) Limited,Communication Services,15.0,5.5,4.5,5.0,1,0.32,2.5,26.7,2.0,39.3,5.5,2.0,38.3,1.5,47.5,1.0,47.7,4.5,3.0,1435786,2.0,60476.0,5.0,NONE
AXISBANK,Axis Bank Limited,Financial Services,15.0,8.0,2.0,5.0,2,0.45,3.0,23.3,3.0,17.2,8.0,1.0,69.6,0.0,2.8,1.0,90.3,2.0,3.0,6665883,2.0,385030.0,5.0,NONE
BEML,BEML Limited,Industrials,15.0,6.0,5.0,4.0,3,0.76,2.0,43.2,1.0,42.7,6.0,2.0,20.4,2.0,54.2,1.0,45.7,5.0,2.5,766725,1.5,15212.0,4.0,NONE
SBICARD,SBI Cards and Payment Services Limited,Financial Services,15.0,5.5,4.5,5.0,1,0.28,2.5,26.0,2.0,38.4,5.5,2.0,24.5,2.0,68.6,0.5,31.4,4.5,3.0,1245514,2.0,59361.0,5.0,NONE
OBEROIRLTY,Oberoi Realty Limited,Real Estate,15.0,6.0,4.5,4.5,1,0.33,2.5,26.0,2.5,28.8,6.0,2.0,24.8,2.0,67.7,0.5,32.0,4.5,2.5,584059,2.0,58976.0,4.5,NONE
BALRAMCHIN,Balrampur Chini Mills Limited,Consumer Defensive,15.0,6.5,4.5,4.0,2,,2.5,30.9,2.0,35.6,6.5,2.0,34.7,1.5,43.3,1.0,58.5,4.5,2.5,535333,1.5,11116.0,4.0,NONE
NAUKRI,Info Edge (India) Limited,Communication Services,15.0,5.5,4.5,5.0,1,0.32,2.5,26.7,2.0,39.3,5.5,2.0,38.3,1.5,47.5,1.0,47.7,4.5,3.0,1435786,2.0,60476.0,5.0,NONE
OBEROIRLTY,Oberoi Realty Limited,Real Estate,15.0,6.0,4.5,4.5,1,0.33,2.5,26.0,2.5,28.8,6.0,2.0,24.8,2.0,67.7,0.5,32.0,4.5,2.5,584059,2.0,58976.0,4.5,NONE
SIEMENS,Siemens Limited,Industrials,15.0,8.5,2.5,4.0,3,0.63,2.5,29.5,3.0,15.8,8.5,1.5,10.1,1.0,76.9,0.0,23.6,2.5,2.0,446223,2.0,126455.0,4.0,NONE
WELCORP,Welspun Corp Limited,Basic Materials,15.0,6.5,4.5,4.0,2,0.5,2.0,36.2,2.5,25.3,6.5,2.0,27.6,1.5,49.8,1.0,48.8,4.5,2.5,795451,1.5,33773.0,4.0,NONE
FINPIPE,Finolex Industries Limited,Industrials,15.0,6.5,4.5,4.0,2,0.57,2.5,29.0,2.0,34.4,6.5,1.5,16.1,2.0,59.4,1.0,40.8,4.5,2.5,891623,1.5,10255.0,4.0,NONE
TECHM,Tech Mahindra Limited,Technology,15.0,6.0,4.0,5.0,1,0.18,2.5,25.3,2.5,24.7,6.0,2.0,44.0,1.0,36.6,1.0,60.6,4.0,3.0,2046105,2.0,129944.0,5.0,NONE
TECHM,Tech Mahindra Limited,Technology,15.0,6.0,4.0,5.0,1,0.18,2.5,25.3,2.5,24.7,6.0,2.0,44.0,1.0,36.6,1.0,60.6,4.0,3.0,2046105,2.0,129944.0,5.0,NONE
CARBORUNIV,Carborundum Universal Limited,Industrials,15.0,7.0,4.5,3.5,2,,2.5,32.8,2.5,26.0,7.0,2.0,37.2,1.5,40.5,1.0,61.4,4.5,2.0,229895,1.5,20501.0,3.5,NONE
MTARTECH,MTAR Technologies Limited,Industrials,15.0,7.5,4.0,3.5,4,1.04,1.0,51.6,2.5,21.2,7.5,2.0,31.2,1.0,30.4,1.0,64.2,4.0,2.0,497807,1.5,20947.0,3.5,NONE
HFCL,HFCL Limited,Technology,15.0,7.0,3.5,4.5,3,0.64,2.0,42.2,2.0,33.6,7.0,1.5,11.8,1.0,35.3,1.0,78.3,3.5,3.0,23767689,1.5,21144.0,4.5,NONE
AEGISLOG,AEGISLOG,Energy,15.0,7.0,4.0,4.0,3,0.67,2.0,36.7,2.0,36.2,7.0,1.5,16.2,2.0,67.5,0.5,34.4,4.0,2.5,732722,1.5,24588.0,4.0,NONE
GRANULES,Granules India Limited,Healthcare,15.0,6.5,4.0,4.5,1,0.01,2.5,29.7,3.0,18.8,6.5,2.0,22.0,1.0,39.3,1.0,59.9,4.0,3.0,1171943,1.5,18992.0,4.5,NONE
GRANULES,Granules India Limited,Healthcare,15.0,6.5,4.0,4.5,1,0.01,2.5,29.7,3.0,18.8,6.5,2.0,22.0,1.0,39.3,1.0,59.9,4.0,3.0,1171943,1.5,18992.0,4.5,NONE
MARKSANS,Marksans Pharma Limited,Healthcare,15.0,7.0,4.0,4.0,4,0.98,2.0,37.3,1.0,40.3,7.0,1.5,17.7,1.5,44.1,1.0,47.3,4.0,3.0,1175333,1.0,9847.0,4.0,NONE
SIEMENS,Siemens Limited,Industrials,15.0,8.5,2.5,4.0,3,0.63,2.5,29.5,3.0,15.8,8.5,1.5,10.1,1.0,76.9,0.0,23.6,2.5,2.0,446223,2.0,126455.0,4.0,NONE
WOCKPHARMA,Wockhardt Limited,Healthcare,15.0,6.0,4.5,4.5,3,0.77,1.0,51.4,2.0,39.9,6.0,1.5,14.7,2.0,51.0,1.0,47.0,4.5,3.0,1037652,1.5,26327.0,4.5,NONE
HDFCBANK,HDFC Bank Limited,Financial Services,15.0,7.5,2.5,5.0,2,0.48,3.0,18.8,2.5,27.8,7.5,1.5,58.0,0.0,0.2,1.0,99.6,2.5,3.0,26021555,2.0,1173824.0,5.0,NONE
METROPOLIS,Metropolis Healthcare Limited,Healthcare,15.0,7.0,4.5,3.5,2,,2.5,31.1,2.5,24.4,7.0,2.0,43.6,1.5,48.9,1.0,50.0,4.5,2.0,379217,1.5,10541.0,3.5,NONE
GPIL,Godawari Power & Ispat Limited,Basic Materials,15.0,7.0,3.5,4.5,2,0.57,2.0,36.7,3.0,20.0,7.0,1.0,4.5,2.0,63.4,0.5,34.6,3.5,3.0,2591577,1.5,18892.0,4.5,NONE
METROPOLIS,Metropolis Healthcare Limited,Healthcare,15.0,7.0,4.5,3.5,2,,2.5,31.1,2.5,24.4,7.0,2.0,43.6,1.5,48.9,1.0,50.0,4.5,2.0,379217,1.5,10541.0,3.5,NONE
INDUSINDBK,IndusInd Bank Limited,Financial Services,15.0,7.0,3.0,5.0,2,0.56,2.5,28.3,2.5,22.0,7.0,2.0,49.5,0.0,16.6,1.0,81.7,3.0,3.0,4439270,2.0,69749.0,5.0,NONE
WIPRO,Wipro Limited,Technology,15.0,6.5,3.5,5.0,1,0.37,3.0,22.9,2.5,29.4,6.5,1.5,15.1,1.5,72.7,0.5,29.1,3.5,3.0,12260761,2.0,204638.0,5.0,NONE
USHAMART,Usha Martin Limited,Basic Materials,15.0,6.5,4.5,4.0,1,0.15,2.5,34.0,3.0,19.6,6.5,2.0,26.4,1.5,40.4,1.0,45.0,4.5,2.5,784631,1.5,14305.0,4.0,NONE
PIIND,PI Industries Limited,Basic Materials,15.0,7.0,4.5,3.5,2,0.47,3.0,24.3,2.0,36.9,7.0,2.0,39.9,1.5,46.5,1.0,53.4,4.5,2.0,237640,1.5,47401.0,3.5,NONE
PNCINFRA,PNC Infratech Limited,Industrials,15.0,6.5,5.0,3.5,3,0.6,2.5,30.5,1.0,49.6,6.5,2.0,26.8,2.0,56.1,1.0,45.6,5.0,2.5,540871,1.0,5492.0,3.5,NONE
MARUTI,Maruti Suzuki India Limited,Consumer Cyclical,15.0,6.5,4.5,4.0,1,0.31,3.0,23.2,2.5,28.8,6.5,2.0,27.8,2.0,60.3,0.5,37.2,4.5,2.0,414872,2.0,407340.0,4.0,NONE
EDELWEISS,Edelweiss Financial Services Limited,Financial Services,15.0,6.5,4.0,4.5,2,0.59,2.0,40.4,2.5,22.9,6.5,1.5,14.6,1.5,40.2,1.0,40.5,4.0,3.0,6419610,1.5,10321.0,4.5,NONE
EMAMILTD,Emami Limited,Consumer Defensive,14.5,5.5,5.0,4.0,1,0.22,2.5,26.3,2.0,36.0,5.5,2.0,30.7,2.0,57.0,1.0,44.2,5.0,2.5,594968,1.5,18990.0,4.0,NONE
ASTERDM,Aster DM Healthcare Limited,Healthcare,14.5,6.0,4.5,4.0,1,-0.04,2.5,31.0,2.5,25.6,6.0,2.0,32.8,2.0,53.3,0.5,37.1,4.5,2.5,962991,1.5,38713.0,4.0,NONE
LALPATHLAB,Dr. Lal PathLabs Limited,Healthcare,14.5,6.0,5.0,3.5,1,0.11,2.5,29.5,2.5,24.4,6.0,2.0,29.9,2.0,54.9,1.0,45.3,5.0,2.0,329088,1.5,28448.0,3.5,NONE
CREDITACC,CreditAccess Grameen Limited,Financial Services,14.5,6.5,4.0,4.0,2,,2.0,39.6,2.5,23.2,6.5,1.5,16.6,2.0,66.2,0.5,33.6,4.0,2.5,617887,1.5,20970.0,4.0,NONE
CREDITACC,CreditAccess Grameen Limited,Financial Services,14.5,6.5,4.0,4.0,2,,2.0,39.6,2.5,23.2,6.5,1.5,16.6,2.0,66.2,0.5,33.6,4.0,2.5,617887,1.5,20970.0,4.0,NONE
KOTAKBANK,Kotak Mahindra Bank Limited,Financial Services,14.5,6.5,3.0,5.0,1,0.31,3.0,21.1,2.5,20.6,6.5,2.0,46.6,0.0,28.8,1.0,73.5,3.0,3.0,17488487,2.0,379905.0,5.0,NONE
EMAMILTD,Emami Limited,Consumer Defensive,14.5,5.5,5.0,4.0,1,0.22,2.5,26.3,2.0,36.0,5.5,2.0,30.7,2.0,57.0,1.0,44.2,5.0,2.5,594968,1.5,18990.0,4.0,NONE
ZYDUSWELL,Zydus Wellness Limited,Consumer Defensive,14.5,6.5,4.0,4.0,2,,2.0,36.9,2.5,28.8,6.5,1.5,19.4,2.0,69.8,0.5,29.3,4.0,2.5,984566,1.5,16197.0,4.0,NONE
IRCTC,Indian Railway Catering & Tourism Corporation Limited,Consumer Cyclical,14.5,6.0,4.0,4.5,1,0.16,3.0,20.9,2.0,36.8,6.0,1.5,16.2,2.0,62.4,0.5,37.6,4.0,3.0,1307565,1.5,42384.0,4.5,NONE
KAJARIACER,Kajaria Ceramics Limited,Industrials,14.5,6.5,4.5,3.5,2,0.58,2.5,31.5,2.0,31.8,6.5,2.0,28.2,1.5,48.2,1.0,51.8,4.5,2.0,360923,1.5,16794.0,3.5,NONE
VOLTAS,Voltas Limited,Consumer Cyclical,14.5,6.0,4.0,4.5,1,0.21,2.5,30.4,2.5,21.8,6.0,2.0,40.3,1.0,36.7,1.0,71.9,4.0,3.0,1099760,1.5,43101.0,4.5,NONE
TCS,Tata Consultancy Services Limited,Technology,14.5,6.0,3.5,5.0,1,0.29,3.0,21.9,2.0,34.5,6.0,1.5,17.0,1.5,71.8,0.5,28.2,3.5,3.0,3197042,2.0,841965.0,5.0,NONE
LALPATHLAB,Dr. Lal PathLabs Limited,Healthcare,14.5,6.0,5.0,3.5,1,0.11,2.5,29.5,2.5,24.4,6.0,2.0,29.9,2.0,54.9,1.0,45.3,5.0,2.0,329088,1.5,28448.0,3.5,NONE
NATCOPHARM,NATCO Pharma Limited,Healthcare,14.5,5.5,4.5,4.5,1,0.26,2.0,35.1,2.5,23.2,5.5,1.5,10.9,2.0,51.0,1.0,46.6,4.5,3.0,1166029,1.5,20256.0,4.5,NONE
TRITURBINE,Triveni Turbine Limited,Industrials,14.5,5.5,4.5,4.5,1,0.38,2.5,32.9,2.0,34.3,5.5,2.0,28.3,2.0,59.8,0.5,35.2,4.5,3.0,1141467,1.5,20283.0,4.5,NONE
TORNTPHARM,Torrent Pharmaceuticals Limited,Healthcare,14.5,7.0,3.5,4.0,1,0.14,3.0,20.1,3.0,10.3,7.0,1.5,15.2,1.5,71.2,0.5,30.7,3.5,2.0,339067,2.0,150950.0,4.0,NONE
ICICIBANK,ICICI Bank Limited,Financial Services,14.5,7.0,2.5,5.0,1,0.28,3.0,17.8,3.0,18.4,7.0,1.5,56.4,0.0,3.0,1.0,99.5,2.5,3.0,12547660,2.0,889489.0,5.0,NONE
BSOFT,Birlasoft Limited,Technology,14.5,6.0,4.5,4.0,2,0.48,2.0,36.2,2.0,33.5,6.0,2.0,30.6,1.5,41.0,1.0,59.4,4.5,3.0,1610832,1.0,8969.0,4.0,NONE
MCX,Multi Commodity Exchange of India Limited,Financial Services,14.5,7.0,2.5,5.0,2,,2.0,37.2,3.0,18.1,7.0,1.5,50.6,0.0,15.0,1.0,85.0,2.5,3.0,3203630,2.0,86909.0,5.0,NONE
FEDERALBNK,The Federal Bank Limited,Financial Services,14.5,7.0,2.5,5.0,1,0.33,3.0,24.5,3.0,15.2,7.0,1.5,53.9,0.0,9.7,1.0,83.0,2.5,3.0,8850703,2.0,70620.0,5.0,NONE
APLAPOLLO,APL Apollo Tubes Limited,Basic Materials,14.5,6.0,4.0,4.5,1,0.29,2.5,27.0,2.5,21.7,6.0,2.0,43.8,1.0,35.9,1.0,64.1,4.0,2.5,652962,2.0,51769.0,4.5,NONE
ALKEM,Alkem Laboratories Limited,Healthcare,14.5,7.0,4.5,3.0,1,0.29,3.0,22.4,3.0,12.0,7.0,2.0,24.9,2.0,62.9,0.5,32.8,4.5,1.0,144982,2.0,65402.0,3.0,NONE
APLAPOLLO,APL Apollo Tubes Limited,Basic Materials,14.5,6.0,4.0,4.5,1,0.29,2.5,27.0,2.5,21.7,6.0,2.0,43.8,1.0,35.9,1.0,64.1,4.0,2.5,652962,2.0,51769.0,4.5,NONE
KEI,KEI Industries Limited,Industrials,14.5,7.0,4.0,3.5,2,0.51,2.5,30.3,2.5,23.3,7.0,2.0,42.2,1.0,36.0,1.0,63.9,4.0,2.0,327308,1.5,48588.0,3.5,NONE
VIJAYA,Vijaya Diagnostic Centre Limited,Healthcare,14.5,6.0,5.0,3.5,1,0.28,2.5,29.4,2.5,24.4,6.0,2.0,35.8,2.0,52.5,1.0,47.4,5.0,2.0,225410,1.5,13378.0,3.5,NONE
NLCINDIA,NLC India Limited,Utilities,14.5,7.0,3.0,4.5,2,,2.0,35.9,3.0,17.2,7.0,1.5,14.7,1.0,75.2,0.5,25.8,3.0,3.0,2793721,1.5,49690.0,4.5,NONE
KEI,KEI Industries Limited,Industrials,14.5,7.0,4.0,3.5,2,0.51,2.5,30.3,2.5,23.3,7.0,2.0,42.2,1.0,36.0,1.0,63.9,4.0,2.0,327308,1.5,48588.0,3.5,NONE
INDIANB,Indian Bank,Financial Services,14.5,6.5,3.0,5.0,1,0.35,2.5,31.1,3.0,18.3,6.5,1.5,16.3,1.0,75.9,0.5,26.2,3.0,3.0,2100896,2.0,110060.0,5.0,NONE
DRREDDY,Dr. Reddy's Laboratories Limited,Healthcare,14.5,7.0,2.5,5.0,1,0.29,3.0,23.0,3.0,14.5,7.0,1.5,51.4,0.0,29.5,1.0,72.1,2.5,3.0,1814216,2.0,111168.0,5.0,NONE
PERSISTENT,Persistent Systems Limited,Technology,14.0,5.5,4.0,4.5,1,0.09,2.5,31.4,2.0,30.7,5.5,2.0,42.0,1.0,33.0,1.0,65.5,4.0,2.5,562083,2.0,79151.0,4.5,NONE
SYNGENE,Syngene International Limited,Healthcare,14.0,4.5,5.0,4.5,1,0.03,2.5,31.6,1.0,46.0,4.5,2.0,37.5,2.0,53.0,1.0,43.6,5.0,3.0,1237334,1.5,18941.0,4.5,NONE
SYNGENE,Syngene International Limited,Healthcare,14.0,4.5,5.0,4.5,1,0.03,2.5,31.6,1.0,46.0,4.5,2.0,37.5,2.0,53.0,1.0,43.6,5.0,3.0,1237334,1.5,18941.0,4.5,NONE
TITAGARH,Titagarh Rail Systems Limited,Industrials,14.0,6.0,4.0,4.0,3,0.78,2.0,35.3,1.0,40.3,6.0,1.5,15.6,1.5,40.6,1.0,59.2,4.0,3.0,1582993,1.0,9960.0,4.0,NONE
TRENT,Trent Limited,Consumer Cyclical,14.0,4.5,4.5,5.0,1,0.38,2.5,32.5,1.0,47.0,4.5,2.0,28.6,1.5,41.9,1.0,53.6,4.5,3.0,1057705,2.0,144669.0,5.0,NONE
TRENT,Trent Limited,Consumer Cyclical,14.0,4.5,4.5,5.0,1,0.38,2.5,32.5,1.0,47.0,4.5,2.0,28.6,1.5,41.9,1.0,53.6,4.5,3.0,1057705,2.0,144669.0,5.0,NONE
RADICO,Radico Khaitan Limited,Consumer Defensive,14.0,6.0,4.5,3.5,1,0.24,2.5,33.2,2.5,24.7,6.0,2.0,29.6,1.5,44.2,1.0,57.4,4.5,2.0,386271,1.5,48214.0,3.5,NONE
ACC,ACC Limited,Basic Materials,14.0,6.0,4.5,3.5,1,0.29,3.0,21.1,2.0,37.3,6.0,2.0,33.0,2.0,57.5,0.5,37.9,4.5,2.0,272960,1.5,25526.0,3.5,NONE
MUTHOOTFIN,Muthoot Finance Limited,Financial Services,14.0,6.5,3.0,4.5,2,0.54,2.0,36.0,2.5,23.9,6.5,1.5,16.2,1.5,73.4,0.0,21.1,3.0,2.5,730930,2.0,132629.0,4.5,NONE
UJJIVANSFB,Ujjivan Small Finance Bank Limited,Financial Services,14.0,6.5,3.0,4.5,2,,2.0,38.4,2.5,22.8,6.5,2.0,34.9,0.0,1.7,1.0,98.2,3.0,3.0,12861588,1.5,10525.0,4.5,NONE
IIFL,IIFL Finance Limited,Financial Services,14.0,5.0,4.5,4.5,1,0.25,2.0,39.2,2.0,36.5,5.0,2.0,29.3,1.5,48.4,1.0,52.7,4.5,3.0,2118297,1.5,19595.0,4.5,NONE
ZYDUSLIFE,Zydus Lifesciences Limited,Healthcare,14.0,7.0,2.5,4.5,1,0.32,3.0,21.6,3.0,17.9,7.0,1.5,13.8,1.0,75.2,0.0,24.8,2.5,2.5,887736,2.0,102525.0,4.5,NONE
ZYDUSLIFE,Zydus Lifesciences Limited,Healthcare,14.0,7.0,2.5,4.5,1,0.32,3.0,21.6,3.0,17.9,7.0,1.5,13.8,1.0,75.2,0.0,24.8,2.5,2.5,887736,2.0,102525.0,4.5,NONE
MUTHOOTFIN,Muthoot Finance Limited,Financial Services,14.0,6.5,3.0,4.5,2,0.54,2.0,36.0,2.5,23.9,6.5,1.5,16.2,1.5,73.4,0.0,21.1,3.0,2.5,730930,2.0,132629.0,4.5,NONE
TDPOWERSYS,TD Power Systems Limited,Industrials,14.0,6.5,3.0,4.5,2,,2.0,45.1,2.5,23.9,6.5,2.0,35.6,0.0,27.7,1.0,71.3,3.0,3.0,1169846,1.5,19627.0,4.5,NONE
RAMCOCEM,The Ramco Cements Limited,Basic Materials,14.0,6.0,4.5,3.5,1,0.12,2.5,25.7,2.5,28.0,6.0,2.0,31.5,1.5,49.1,1.0,53.6,4.5,2.0,342894,1.5,21423.0,3.5,NONE
MANKIND,Mankind Pharma Limited,Healthcare,14.0,7.0,3.0,4.0,2,0.47,2.5,25.2,2.5,28.5,7.0,1.5,18.4,1.0,75.3,0.5,27.3,3.0,2.0,497124,2.0,102902.0,4.0,NONE
WABAG,VA Tech Wabag Limited,Industrials,14.0,8.5,2.5,3.0,4,0.82,2.5,33.8,2.0,36.2,8.5,1.5,17.7,0.0,28.4,1.0,71.5,2.5,2.0,318408,1.0,8669.0,3.0,NONE
PERSISTENT,Persistent Systems Limited,Technology,14.0,5.5,4.0,4.5,1,0.09,2.5,31.4,2.0,30.7,5.5,2.0,42.0,1.0,33.0,1.0,65.5,4.0,2.5,562083,2.0,79151.0,4.5,NONE
ICICIPRULI,ICICI Prudential Life Insurance Company Limited,Financial Services,14.0,7.5,1.5,5.0,2,0.49,3.0,22.7,2.5,26.9,7.5,1.0,69.0,0.0,23.7,0.5,25.3,1.5,3.0,1290235,2.0,75657.0,5.0,NONE
TFCILTD,Tourism Finance Corporation of India Limited,Financial Services,14.0,6.5,4.0,3.5,2,,2.0,49.3,2.5,27.1,6.5,1.0,5.1,2.0,50.6,1.0,53.4,4.0,3.0,7968877,0.5,3382.0,3.5,NONE
GABRIEL,Gabriel India Limited,Consumer Cyclical,14.0,6.0,4.5,3.5,3,0.72,1.0,54.1,2.0,37.4,6.0,1.5,18.6,2.0,56.0,1.0,43.9,4.5,2.0,499909,1.5,15733.0,3.5,NONE
M&M,Mahindra & Mahindra Limited,Consumer Cyclical,14.0,6.0,3.0,5.0,1,0.38,2.5,27.1,2.5,22.9,6.0,2.0,49.1,0.0,25.2,1.0,68.4,3.0,3.0,2537186,2.0,371312.0,5.0,NONE
MPHASIS,Mphasis Limited,Technology,14.0,6.5,3.5,4.0,2,0.43,2.5,27.6,2.0,31.8,6.5,1.5,52.8,1.0,31.2,1.0,68.8,3.5,2.5,549625,1.5,42371.0,4.0,NONE
MPHASIS,Mphasis Limited,Technology,14.0,6.5,3.5,4.0,2,0.43,2.5,27.6,2.0,31.8,6.5,1.5,52.8,1.0,31.2,1.0,68.8,3.5,2.5,549625,1.5,42371.0,4.0,NONE
SOBHA,Sobha Limited,Real Estate,14.0,5.5,5.0,3.5,1,0.35,2.5,33.3,2.0,32.0,5.5,2.0,27.1,2.0,58.5,1.0,41.5,5.0,2.0,229428,1.5,14843.0,3.5,NONE
IRCON,Ircon International Limited,Industrials,14.0,6.0,3.5,4.5,3,0.76,2.0,40.9,1.0,47.0,6.0,1.0,3.2,2.0,65.2,0.5,34.8,3.5,3.0,5225442,1.5,13252.0,4.5,NONE
MFSL,Max Financial Services Limited,Financial Services,14.0,7.5,2.0,4.5,2,,3.0,24.3,2.5,21.7,7.5,1.0,82.8,0.0,2.1,1.0,60.0,2.0,2.5,781115,2.0,55566.0,4.5,NONE
TIINDIA,Tube Investments of India Limited,Industrials,14.0,5.5,4.5,4.0,1,-0.3,2.5,32.9,2.0,35.7,5.5,2.0,33.5,1.5,44.0,1.0,54.7,4.5,2.0,390551,2.0,55979.0,4.0,NONE
TIINDIA,Tube Investments of India Limited,Industrials,14.0,5.5,4.5,4.0,1,-0.3,2.5,32.9,2.0,35.7,5.5,2.0,33.5,1.5,44.0,1.0,54.7,4.5,2.0,390551,2.0,55979.0,4.0,NONE
MINDACORP,Minda Corporation Limited,Consumer Cyclical,14.0,6.0,4.5,3.5,1,0.37,2.5,31.8,2.5,20.8,6.0,2.0,27.1,2.0,67.5,0.5,32.5,4.5,2.0,483014,1.5,12243.0,3.5,NONE
SUZLON,Suzlon Energy Limited,Industrials,14.0,6.5,2.5,5.0,3,0.74,2.5,33.1,1.0,44.7,6.5,1.5,19.4,0.0,18.7,1.0,79.6,2.5,3.0,73687158,2.0,72570.0,5.0,NONE
JKTYRE,JK Tyre & Industries Limited,Consumer Cyclical,14.0,5.0,4.5,4.5,2,0.49,2.0,36.9,1.0,40.5,5.0,1.5,14.1,2.0,62.3,1.0,45.2,4.5,3.0,1304036,1.5,10626.0,4.5,NONE
MAHLIFE,Mahindra Lifespace Developers Limited,Real Estate,13.5,5.5,5.0,3.0,1,0.07,2.5,31.9,2.0,30.2,5.5,2.0,28.6,2.0,52.7,1.0,47.3,5.0,2.0,243190,1.0,7017.0,3.0,NONE
FSL,Firstsource Solutions Limited,Technology,13.5,4.0,5.0,4.5,1,0.12,2.0,42.6,1.0,47.1,4.0,2.0,29.9,2.0,55.3,1.0,44.9,5.0,3.0,2146914,1.5,16711.0,4.5,NONE
SAREGAMA,Saregama India Limited,Communication Services,13.5,5.0,4.5,4.0,2,,2.0,36.7,1.0,45.8,5.0,1.5,10.4,2.0,63.6,1.0,40.8,4.5,3.0,1073958,1.0,7569.0,4.0,NONE
KSB,KSB Limited,Industrials,13.5,6.0,4.0,3.5,1,-0.09,2.5,29.6,2.5,23.1,6.0,1.5,14.0,2.0,70.0,0.5,30.0,4.0,2.0,260620,1.5,14571.0,3.5,NONE
TIMETECHNO,Time Technoplast Limited,Consumer Cyclical,13.5,5.0,4.5,4.0,1,0.39,2.0,37.0,2.0,36.1,5.0,2.0,21.6,1.5,48.7,1.0,47.3,4.5,3.0,2244964,1.0,8525.0,4.0,NONE
VTL,Vardhman Textiles Limited,Consumer Cyclical,13.5,5.5,4.0,4.0,1,0.07,2.0,35.4,2.5,23.9,5.5,1.5,17.8,2.0,65.6,0.5,34.0,4.0,2.5,655850,1.5,17753.0,4.0,NONE
RAILTEL,RailTel Corporation of India Limited,Communication Services,13.5,6.0,3.0,4.5,3,0.74,2.0,42.2,1.0,46.2,6.0,1.0,2.5,1.5,72.8,0.5,27.0,3.0,3.0,2526905,1.5,10185.0,4.5,NONE
LICI,Life Insurance Corporation of India,Financial Services,13.5,7.5,1.0,5.0,2,0.57,3.0,24.0,2.5,24.4,7.5,1.0,1.2,0.0,96.5,0.0,4.1,1.0,3.0,1349246,2.0,508214.0,5.0,NONE
WELENT,Welspun Enterprises Limited,Industrials,13.5,6.5,4.0,3.0,2,,2.0,36.4,2.5,27.1,6.5,1.5,10.3,2.0,65.4,0.5,30.3,4.0,2.0,215852,1.0,6693.0,3.0,NONE
STAR,Strides Pharma Science Limited,Healthcare,13.5,6.0,4.0,3.5,1,0.31,2.0,40.0,3.0,19.4,6.0,2.0,25.9,1.0,30.8,1.0,61.5,4.0,2.0,474132,1.5,10633.0,3.5,NONE
STAR,Strides Pharma Science Limited,Healthcare,13.5,6.0,4.0,3.5,1,0.31,2.0,40.0,3.0,19.4,6.0,2.0,25.9,1.0,30.8,1.0,61.5,4.0,2.0,474132,1.5,10633.0,3.5,NONE
GSFC,Gujarat State Fertilizers & Chemicals Limited,Basic Materials,13.5,5.5,4.0,4.0,1,0.26,2.5,29.4,2.0,34.5,5.5,1.5,10.7,1.5,43.6,1.0,55.7,4.0,3.0,1102850,1.0,7031.0,4.0,NONE
RAIN,Rain Industries Limited,Basic Materials,13.5,6.0,3.5,4.0,3,0.76,2.0,47.0,1.0,40.1,6.0,1.0,7.3,1.5,48.0,1.0,42.2,3.5,3.0,2995652,1.0,5163.0,4.0,NONE
CUB,City Union Bank Limited,Financial Services,13.5,6.5,2.5,4.5,2,0.45,2.0,36.6,2.5,23.3,6.5,1.5,55.4,0.0,8.0,1.0,93.7,2.5,3.0,2608010,1.5,18659.0,4.5,NONE
NCC,NCC Limited,Industrials,13.5,5.5,4.0,4.0,2,,2.5,28.6,1.0,44.9,5.5,2.0,22.9,1.0,35.6,1.0,64.7,4.0,3.0,3298333,1.0,9359.0,4.0,NONE
DCBBANK,DCB Bank Limited,Financial Services,13.5,6.5,3.0,4.0,2,0.51,2.0,37.7,2.5,21.4,6.5,2.0,33.7,0.0,18.5,1.0,81.3,3.0,3.0,2298591,1.0,5700.0,4.0,NONE
RELIGARE,Religare Enterprises Limited,Financial Services,13.5,6.0,3.5,4.0,2,,2.0,38.5,2.0,30.6,6.0,1.0,7.7,1.5,44.3,1.0,48.3,3.5,3.0,1599706,1.0,7599.0,4.0,NONE
EIHOTEL,EIH Limited,Consumer Cyclical,13.5,5.5,4.0,4.0,1,-0.19,2.5,31.5,2.0,34.6,5.5,1.5,15.4,2.0,70.0,0.5,31.6,4.0,2.5,708717,1.5,20403.0,4.0,NONE
ITC,ITC Limited,Consumer Defensive,13.5,6.0,2.5,5.0,1,-0.02,3.0,19.0,2.0,32.5,6.0,1.5,51.4,0.0,27.5,1.0,75.5,2.5,3.0,19127804,2.0,388789.0,5.0,NONE
SBC,SBC Exports Limited,Industrials,13.5,7.0,3.0,3.5,1,0.28,3.0,23.9,3.0,8.5,7.0,0.0,0.0,2.0,58.8,1.0,42.2,3.0,3.0,10355056,0.5,1621.0,3.5,NONE
DMART,Avenue Supermarts Limited,Consumer Defensive,13.5,6.5,2.5,4.5,1,0.28,3.0,24.8,2.5,24.5,6.5,1.5,12.6,1.0,79.0,0.0,22.8,2.5,2.5,521452,2.0,276257.0,4.5,NONE
IDFCFIRSTB,IDFC First Bank Limited,Financial Services,13.5,6.5,2.0,5.0,2,,2.5,31.6,2.0,31.6,6.5,2.0,41.7,0.0,14.0,0.0,15.2,2.0,3.0,30210931,2.0,58373.0,5.0,NONE
IDFCFIRSTB,IDFC First Bank Limited,Financial Services,13.5,6.5,2.0,5.0,2,,2.5,31.6,2.0,31.6,6.5,2.0,41.7,0.0,14.0,0.0,15.2,2.0,3.0,30210931,2.0,58373.0,5.0,NONE
MOTILALOFS,Motilal Oswal Financial Services Limited,Financial Services,13.5,4.0,4.5,5.0,1,0.21,2.0,38.7,1.0,42.0,4.0,2.0,27.8,2.0,53.1,0.5,26.1,4.5,3.0,1309955,2.0,51231.0,5.0,NONE
SUPREMEIND,The Supreme Industries Limited,Industrials,13.5,5.5,4.5,3.5,1,0.24,2.5,27.0,2.0,30.3,5.5,2.0,30.2,1.5,49.2,1.0,51.1,4.5,2.0,267172,1.5,43796.0,3.5,NONE
AJANTPHARM,Ajanta Pharma Limited,Healthcare,13.5,6.5,4.5,2.5,1,0.2,2.5,25.6,3.0,15.4,6.5,2.0,21.3,2.0,66.4,0.5,33.6,4.5,1.0,120594,1.5,40582.0,2.5,NONE
POONAWALLA,Poonawalla Fincorp Limited,Financial Services,13.5,5.0,4.0,4.5,1,0.34,2.0,36.6,2.0,32.1,5.0,1.5,16.0,2.0,62.8,0.5,36.8,4.0,3.0,2051332,1.5,35413.0,4.5,NONE
JUBLFOOD,Jubilant FoodWorks Limited,Consumer Cyclical,13.5,4.5,4.5,4.5,1,0.13,2.5,28.9,1.0,42.0,4.5,2.0,42.7,1.5,40.7,1.0,59.5,4.5,3.0,1970180,1.5,31108.0,4.5,NONE
JUBLFOOD,Jubilant FoodWorks Limited,Consumer Cyclical,13.5,4.5,4.5,4.5,1,0.13,2.5,28.9,1.0,42.0,4.5,2.0,42.7,1.5,40.7,1.0,59.5,4.5,3.0,1970180,1.5,31108.0,4.5,NONE
ITC,ITC Limited,Consumer Defensive,13.5,6.0,2.5,5.0,1,-0.02,3.0,19.0,2.0,32.5,6.0,1.5,51.4,0.0,27.5,1.0,75.5,2.5,3.0,19127804,2.0,388789.0,5.0,NONE
THERMAX,Thermax Limited,Industrials,13.5,7.0,4.0,2.5,2,,2.5,32.3,2.5,29.7,7.0,2.0,20.5,1.5,73.7,0.5,28.9,4.0,1.0,191939,1.5,49752.0,2.5,NONE
RENUKA,Shree Renuka Sugars Limited,Consumer Defensive,13.5,5.5,4.0,4.0,1,-0.19,2.5,32.3,2.0,33.5,5.5,1.5,10.7,2.0,62.6,0.5,37.5,4.0,3.0,5934763,1.0,5023.0,4.0,NONE
DEEPAKNTR,Deepak Nitrite Limited,Basic Materials,13.5,6.5,4.5,2.5,2,,2.5,27.0,2.0,38.5,6.5,2.0,24.1,1.5,49.8,1.0,49.8,4.5,1.0,189299,1.5,24630.0,2.5,NONE
DEEPAKNTR,Deepak Nitrite Limited,Basic Materials,13.5,6.5,4.5,2.5,2,,2.5,27.0,2.0,38.5,6.5,2.0,24.1,1.5,49.8,1.0,49.8,4.5,1.0,189299,1.5,24630.0,2.5,NONE
RAIN,Rain Industries Limited,Basic Materials,13.5,6.0,3.5,4.0,3,0.76,2.0,47.0,1.0,40.1,6.0,1.0,7.3,1.5,48.0,1.0,42.2,3.5,3.0,2995652,1.0,5163.0,4.0,NONE
GUJGASLTD,Gujarat Gas Limited,Utilities,13.5,6.5,3.0,4.0,2,0.46,2.5,27.9,2.0,37.7,6.5,1.5,16.2,1.5,75.0,0.0,25.0,3.0,2.5,701527,1.5,25921.0,4.0,NONE
GRINDWELL,Grindwell Norton Limited,Industrials,13.5,7.0,5.0,1.5,2,0.5,2.5,28.9,2.5,25.9,7.0,2.0,21.6,2.0,58.3,1.0,41.7,5.0,0.0,59252,1.5,20792.0,1.5,LOW_LIQUIDITY
HINDZINC,Hindustan Zinc Limited,Basic Materials,13.0,7.0,1.0,5.0,3,0.66,2.0,37.5,2.0,32.9,7.0,1.0,5.1,0.0,88.6,0.0,10.2,1.0,3.0,8081799,2.0,267294.0,5.0,NONE
SFL,Sheela Foam Limited,Consumer Cyclical,13.0,6.0,5.0,2.0,2,,2.0,36.3,2.0,38.7,6.0,2.0,21.2,2.0,65.4,1.0,43.3,5.0,1.0,199158,1.0,6405.0,2.0,NONE
AFFLE,Affle 3i Limited,Communication Services,13.0,4.5,5.0,3.5,1,0.15,2.5,31.4,1.0,40.9,4.5,2.0,28.3,2.0,60.1,1.0,43.7,5.0,2.0,306309,1.5,20494.0,3.5,NONE
INFY,Infosys Limited,Technology,13.0,5.5,2.5,5.0,1,0.13,2.5,25.5,2.0,35.2,5.5,1.5,50.3,0.0,16.1,1.0,86.6,2.5,3.0,9540731,2.0,484386.0,5.0,NONE
ATGL,Adani Total Gas Limited,Utilities,13.0,6.0,2.0,5.0,3,0.63,2.0,44.6,1.0,40.1,6.0,1.0,6.9,1.0,79.8,0.0,20.2,2.0,3.0,2336634,2.0,68551.0,5.0,NONE
NAM-INDIA,Nippon Life India Asset Management Limited,Financial Services,13.0,7.0,1.5,4.5,2,0.59,2.0,37.9,3.0,18.6,7.0,1.0,89.1,0.0,0.5,0.5,27.7,1.5,2.5,914654,2.0,69076.0,4.5,NONE
JAMNAAUTO,Jamna Auto Industries Limited,Consumer Cyclical,13.0,5.5,4.0,3.5,1,0.3,2.0,40.1,2.5,25.5,5.5,1.0,6.6,2.0,53.1,1.0,45.6,4.0,3.0,2869592,0.5,4510.0,3.5,NONE
SURYAROSNI,Surya Roshni Limited,Basic Materials,13.0,6.0,4.0,3.0,3,0.62,2.0,39.5,1.0,44.8,6.0,1.0,2.8,2.0,68.8,1.0,41.1,4.0,2.0,466469,1.0,5215.0,3.0,NONE
BSE,BSE Limited,Financial Services,13.0,5.0,3.0,5.0,1,0.3,2.0,41.3,2.0,32.1,5.0,2.0,22.5,0.0,0.0,1.0,95.1,3.0,3.0,5139559,2.0,170201.0,5.0,NONE
BSE,BSE Limited,Financial Services,13.0,5.0,3.0,5.0,1,0.3,2.0,41.3,2.0,32.1,5.0,2.0,22.5,0.0,0.0,1.0,95.1,3.0,3.0,5139559,2.0,170201.0,5.0,NONE
OFSS,Oracle Financial Services Software Limited,Technology,13.0,6.5,3.5,3.0,2,0.45,2.5,30.8,2.0,34.2,6.5,1.5,12.2,1.5,72.6,0.5,27.3,3.5,1.0,176784,2.0,83980.0,3.0,NONE
OFSS,Oracle Financial Services Software Limited,Technology,13.0,6.5,3.5,3.0,2,0.45,2.5,30.8,2.0,34.2,6.5,1.5,12.2,1.5,72.6,0.5,27.3,3.5,1.0,176784,2.0,83980.0,3.0,NONE
SOUTHBANK,The South Indian Bank Limited,Financial Services,13.0,5.5,3.0,4.5,1,0.28,2.0,40.0,2.5,26.9,5.5,2.0,25.4,0.0,4.9,1.0,94.9,3.0,3.0,21834085,1.5,10143.0,4.5,NONE
IDEA,Vodafone Idea Limited,Communication Services,13.0,5.5,2.5,5.0,1,0.28,2.0,50.0,2.5,29.3,5.5,1.0,8.7,1.5,74.6,0.0,24.8,2.5,3.0,509830437,2.0,146480.0,5.0,NONE
KALAMANDIR,Sai Silks (Kalamandir) Limited,Consumer Cyclical,13.0,6.0,3.5,3.5,4,0.9,2.0,49.8,0.0,54.9,6.0,1.0,7.6,2.0,69.9,0.5,38.0,3.5,3.0,1602814,0.5,1500.0,3.5,SEVERE_DRAWDOWN
THYROCARE,Thyrocare Technologies Limited,Healthcare,13.0,5.0,4.5,3.5,1,0.35,2.0,40.1,2.0,34.1,5.0,2.0,20.9,2.0,61.1,0.5,38.6,4.5,2.5,696309,1.0,7491.0,3.5,NONE
PRSMJOHNSN,Prism Johnson Limited,Basic Materials,13.0,6.5,3.0,3.5,2,0.45,2.0,36.2,2.5,29.7,6.5,1.0,8.3,1.0,76.8,1.0,41.9,3.0,2.5,670952,1.0,6299.0,3.5,NONE
ZENSARTECH,Zensar Technologies Limited,Technology,13.0,5.5,3.5,4.0,2,,2.5,30.8,1.0,43.9,5.5,1.0,74.1,2.0,50.3,0.5,28.3,3.5,2.5,583670,1.5,11197.0,4.0,NONE
COCHINSHIP,Cochin Shipyard Limited,Industrials,13.0,5.0,3.5,4.5,2,,2.0,40.7,1.0,49.8,5.0,1.0,6.8,2.0,67.9,0.5,32.1,3.5,3.0,2030342,1.5,39189.0,4.5,NONE
MAHLOG,Mahindra Logistics Limited,Industrials,13.0,6.5,4.0,2.5,2,0.47,2.0,39.1,2.5,26.2,6.5,1.5,16.6,2.0,59.8,0.5,29.0,4.0,2.0,242402,0.5,3533.0,2.5,NONE
ARVINDFASN,Arvind Fashions Limited,Consumer Cyclical,13.0,6.0,4.0,3.0,2,,2.0,36.9,2.0,33.2,6.0,2.0,29.8,1.0,37.6,1.0,61.4,4.0,2.0,341204,1.0,5738.0,3.0,NONE
LICHSGFIN,LIC Housing Finance Limited,Financial Services,13.0,6.5,2.0,4.5,1,0.32,3.0,24.5,2.5,26.5,6.5,1.0,76.3,0.0,2.3,1.0,54.5,2.0,3.0,1623992,1.5,29868.0,4.5,NONE
KALYANKJIL,Kalyan Jewellers India Limited,Consumer Cyclical,13.0,4.0,4.5,4.5,1,0.07,2.0,38.7,1.0,43.7,4.0,2.0,22.8,2.0,62.9,0.5,35.5,4.5,3.0,5040506,1.5,35542.0,4.5,NONE
ORIENTELEC,Orient Electric Limited,Consumer Cyclical,13.0,6.0,4.5,2.5,2,,2.0,39.3,2.0,34.1,6.0,2.0,32.8,1.5,46.2,1.0,59.7,4.5,2.0,473067,0.5,4031.0,2.5,NONE
SARDAEN,Sarda Energy & Minerals Limited,Basic Materials,13.0,6.5,2.5,4.0,2,0.51,2.0,39.9,2.5,26.2,6.5,1.0,3.6,1.5,74.9,0.0,18.0,2.5,2.5,896514,1.5,18956.0,4.0,NONE
NRBBEARING,NRB Bearings Limited,Consumer Cyclical,13.0,6.5,4.0,2.5,2,0.41,2.0,35.8,2.5,28.3,6.5,2.0,20.0,1.5,49.8,0.5,39.2,4.0,2.0,269655,0.5,3457.0,2.5,NONE
TEXRAIL,Texmaco Rail & Engineering Limited,Industrials,12.5,5.0,4.0,3.5,3,0.74,2.0,42.8,0.0,55.8,5.0,1.5,10.2,1.5,48.5,1.0,51.6,4.0,3.0,2942889,0.5,4442.0,3.5,SEVERE_DRAWDOWN
RALLIS,Rallis India Limited,Basic Materials,12.5,5.0,4.5,3.0,2,0.54,2.0,38.4,1.0,42.7,5.0,1.5,16.8,2.0,56.7,1.0,44.0,4.5,2.5,970070,0.5,4922.0,3.0,NONE
SUPRIYA,Supriya Lifescience Limited,Healthcare,12.5,6.5,3.0,3.0,2,0.45,2.5,33.7,2.0,31.1,6.5,1.0,4.4,1.5,70.8,0.5,31.7,3.0,2.0,216141,1.0,5800.0,3.0,NONE
GNFC,Gujarat Narmada Valley Fertilizers & Chemicals Limited,Basic Materials,12.5,5.5,4.0,3.0,1,0.14,2.5,28.6,2.0,33.4,5.5,1.5,16.0,1.5,43.4,1.0,56.7,4.0,2.0,388905,1.0,8022.0,3.0,NONE
SOLARINDS,Solar Industries India Limited,Basic Materials,12.5,5.5,4.0,3.0,1,0.16,2.5,32.3,2.0,33.1,5.5,2.0,43.8,1.5,43.9,0.5,26.4,4.0,1.0,155715,2.0,163932.0,3.0,NONE
CENTRALBK,Central Bank of India,Financial Services,12.5,7.0,1.0,4.5,2,0.52,2.5,26.3,2.5,22.3,7.0,1.0,3.8,0.0,89.3,0.0,7.6,1.0,3.0,8133493,1.5,30811.0,4.5,NONE
CLEAN,Clean Science and Technology Limited,Basic Materials,12.5,4.5,5.0,3.0,2,,2.5,34.1,0.0,57.4,4.5,2.0,25.6,2.0,55.2,1.0,44.4,5.0,2.0,439233,1.0,8111.0,3.0,SEVERE_DRAWDOWN
SUNTECK,Sunteck Realty Limited,Real Estate,12.5,6.0,4.0,2.5,3,0.72,2.0,39.3,1.0,41.0,6.0,1.5,18.0,2.0,63.0,0.5,37.0,4.0,2.0,398696,0.5,4345.0,2.5,NONE
DLF,DLF Limited,Real Estate,12.5,4.5,3.0,5.0,1,0.34,2.5,27.6,1.0,42.3,4.5,1.5,13.2,1.5,74.1,0.0,24.4,3.0,3.0,3382735,2.0,142925.0,5.0,NONE
SONATSOFTW,Sonata Software Limited,Technology,12.5,4.0,4.5,4.0,2,,2.0,40.6,0.0,51.3,4.0,2.0,29.8,1.5,43.4,1.0,58.0,4.5,3.0,1571545,1.0,7327.0,4.0,SEVERE_DRAWDOWN
INTELLECT,Intellect Design Arena Limited,Technology,12.5,5.0,4.0,3.5,3,0.67,2.0,42.2,0.0,51.0,5.0,1.5,13.8,1.5,44.7,1.0,57.1,4.0,2.5,549960,1.0,9686.0,3.5,SEVERE_DRAWDOWN
KPITTECH,KPIT Technologies Limited,Technology,12.5,3.5,4.5,4.5,1,-0.04,2.5,32.8,0.0,55.2,3.5,2.0,28.4,1.5,47.5,1.0,60.5,4.5,3.0,1264985,1.5,20246.0,4.5,SEVERE_DRAWDOWN
RAJESHEXPO,Rajesh Exports Limited,Consumer Cyclical,12.5,5.0,4.5,3.0,3,0.74,2.0,44.1,0.0,65.2,5.0,1.5,14.8,2.0,67.8,1.0,40.7,4.5,2.5,584095,0.5,3201.0,3.0,SEVERE_DRAWDOWN
SHARDACROP,Sharda Cropchem Limited,Basic Materials,12.5,6.0,3.0,3.5,3,0.7,1.0,57.2,2.0,33.7,6.0,1.5,10.3,1.0,75.9,0.5,25.2,3.0,2.5,523031,1.0,8267.0,3.5,NONE
LEMONTREE,Lemon Tree Hotels Limited,Consumer Cyclical,12.5,4.5,4.0,4.0,1,-0.14,2.5,32.7,1.0,43.6,4.5,2.0,43.4,1.0,37.3,1.0,77.4,4.0,3.0,3986293,1.0,8790.0,4.0,NONE
TNPL,Tamil Nadu Newsprint and Papers Limited,Basic Materials,12.5,5.5,4.5,2.5,1,0.05,2.5,32.1,2.0,32.8,5.5,1.5,10.1,2.0,51.1,1.0,47.1,4.5,2.0,210613,0.5,1038.0,2.5,NONE
MOIL,MOIL Limited,Basic Materials,12.5,5.0,3.5,4.0,1,0.4,2.0,41.0,2.0,36.0,5.0,1.0,8.5,2.0,64.8,0.5,35.3,3.5,3.0,1076138,1.0,6066.0,4.0,NONE
ESCORTS,Escorts Kubota Limited,Industrials,12.5,6.5,3.5,2.5,2,0.42,2.5,31.9,2.0,30.5,6.5,1.5,12.9,1.5,73.1,0.5,28.2,3.5,1.0,145386,1.5,31807.0,2.5,NONE
CDSL,Central Depository Services (India) Limited,Financial Services,12.5,5.5,2.5,4.5,1,0.27,2.5,33.7,2.0,37.5,5.5,1.5,14.4,0.0,0.0,1.0,84.1,2.5,3.0,2555783,1.5,25279.0,4.5,NONE
HINDCOPPER,Hindustan Copper Limited,Basic Materials,12.5,4.0,3.5,5.0,2,,1.0,55.3,1.0,40.8,4.0,1.0,7.2,2.0,66.1,0.5,33.9,3.5,3.0,15910386,2.0,55072.0,5.0,NONE
DIXON,Dixon Technologies (India) Limited,Technology,12.5,4.0,4.0,4.5,1,-0.12,2.0,37.6,1.0,47.2,4.0,2.0,38.4,1.0,38.3,1.0,53.0,4.0,2.5,506658,2.0,67046.0,4.5,NONE
DIXON,Dixon Technologies (India) Limited,Technology,12.5,4.0,4.0,4.5,1,-0.12,2.0,37.6,1.0,47.2,4.0,2.0,38.4,1.0,38.3,1.0,53.0,4.0,2.5,506658,2.0,67046.0,4.5,NONE
WHIRLPOOL,Whirlpool of India Limited,Consumer Cyclical,12.5,5.0,4.0,3.5,2,0.45,2.0,36.1,1.0,46.3,5.0,2.0,42.1,1.0,39.8,1.0,59.9,4.0,2.0,461049,1.5,10786.0,3.5,NONE
ELECON,Elecon Engineering Company Limited,Industrials,12.5,5.0,3.5,4.0,2,0.56,2.0,43.9,1.0,49.5,5.0,1.0,7.6,2.0,63.2,0.5,36.4,3.5,2.5,701049,1.5,10887.0,4.0,NONE
360ONE,360 One Wam Limited,Financial Services,12.5,6.0,2.0,4.5,1,0.39,2.5,29.9,2.5,25.5,6.0,1.0,74.1,0.0,17.9,1.0,64.0,2.0,3.0,1059664,1.5,44627.0,4.5,NONE
RAJESHEXPO,Rajesh Exports Limited,Consumer Cyclical,12.5,5.0,4.5,3.0,3,0.74,2.0,44.1,0.0,65.2,5.0,1.5,14.8,2.0,67.8,1.0,40.7,4.5,2.5,584095,0.5,3201.0,3.0,SEVERE_DRAWDOWN
INDIAGLYCO,India Glycols Limited,Basic Materials,12.5,6.0,3.5,3.0,2,,2.0,40.7,2.0,30.0,6.0,1.0,3.4,2.0,63.9,0.5,33.8,3.5,2.0,233713,1.0,6691.0,3.0,NONE
PNBHOUSING,PNB Housing Finance Limited,Financial Services,12.5,5.0,3.0,4.5,1,0.36,2.0,36.2,2.0,33.0,5.0,2.0,47.5,0.0,28.0,1.0,67.4,3.0,3.0,1579939,1.5,27740.0,4.5,NONE
JYOTHYLAB,Jyothy Labs Limited,Consumer Defensive,12.5,5.5,4.0,3.0,2,0.56,2.5,26.9,1.0,44.3,5.5,1.5,16.4,2.0,69.0,0.5,31.1,4.0,2.0,480925,1.0,7840.0,3.0,NONE
RPOWER,Reliance Power Limited,Utilities,12.5,5.0,3.0,4.5,4,1.01,1.0,55.8,0.0,71.4,5.0,1.0,9.5,1.0,30.0,1.0,69.2,3.0,3.0,54737020,1.5,11212.0,4.5,SEVERE_DRAWDOWN
RCF,Rashtriya Chemicals and Fertilizers Limited,Basic Materials,12.5,6.5,2.0,4.0,2,0.41,2.5,34.8,2.0,33.9,6.5,1.0,1.4,1.0,75.0,0.0,24.9,2.0,3.0,2330177,1.0,6864.0,4.0,NONE
STEELXIND,Steel Exchange India Limited,Basic Materials,12.0,6.0,2.5,3.5,2,0.45,2.0,42.2,2.0,36.3,6.0,0.0,0.0,2.0,63.9,0.5,36.4,2.5,3.0,2610200,0.5,1301.0,3.5,NONE
VAIBHAVGBL,Vaibhav Global Limited,Consumer Cyclical,12.0,5.0,4.0,3.0,1,0.23,2.0,41.4,2.0,36.9,5.0,1.5,14.7,2.0,59.5,0.5,27.7,4.0,2.5,549347,0.5,3737.0,3.0,NONE
WESTLIFE,Westlife Foodworld Limited,Consumer Cyclical,12.0,4.5,4.5,3.0,1,-0.03,2.5,34.5,1.0,48.3,4.5,2.0,30.9,2.0,62.7,0.5,33.1,4.5,2.0,231768,1.0,7239.0,3.0,NONE
JKPAPER,JK Paper Limited,Basic Materials,12.0,5.5,3.5,3.0,1,0.22,2.0,40.0,2.5,28.1,5.5,1.0,10.0,2.0,57.6,0.5,33.3,3.5,2.0,473385,1.0,7178.0,3.0,NONE
KECL,Kirloskar Electric Company Limited,Industrials,12.0,6.0,4.0,2.0,3,0.65,2.0,42.6,1.0,48.0,6.0,1.0,1.1,2.0,57.1,1.0,42.8,4.0,2.0,303600,0.0,720.0,2.0,NONE
CSBBANK,CSB Bank Limited,Financial Services,12.0,4.0,4.5,3.5,1,0.3,2.0,45.0,1.0,40.4,4.0,1.5,15.9,2.0,53.9,1.0,57.7,4.5,2.5,717397,1.0,6095.0,3.5,NONE
NAVNETEDUL,Navneet Education Limited,Communication Services,12.0,5.5,4.0,2.5,1,0.1,2.0,37.2,2.5,25.2,5.5,1.5,12.3,2.0,65.6,0.5,34.3,4.0,2.0,266968,0.5,3156.0,2.5,NONE
MSTCLTD,MSTC Limited,Industrials,12.0,6.0,3.5,2.5,2,0.58,2.0,35.6,2.0,34.0,6.0,1.0,3.2,2.0,64.7,0.5,33.9,3.5,2.0,221785,0.5,2977.0,2.5,NONE
VENKEYS,Venky's (India) Limited,Consumer Defensive,12.0,8.0,3.5,0.5,3,0.64,2.5,35.0,2.5,28.3,8.0,1.0,1.1,2.0,61.2,0.5,35.4,3.5,0.0,80657,0.5,2133.0,0.5,LOW_LIQUIDITY
PRAJIND,Praj Industries Limited,Industrials,12.0,4.0,4.0,4.0,1,0.21,2.0,38.6,1.0,47.5,4.0,2.0,23.0,1.0,34.4,1.0,67.3,4.0,3.0,1856989,1.0,7096.0,4.0,NONE
HATHWAY,Hathway Cable and Datacom Limited,Communication Services,12.0,5.5,3.0,3.5,2,0.49,2.5,30.1,1.0,47.0,5.5,1.0,0.4,1.5,75.0,0.5,26.7,3.0,3.0,3058323,0.5,1804.0,3.5,NONE
VIPIND,V.I.P. Industries Limited,Consumer Cyclical,12.0,6.0,3.0,3.0,2,,2.0,38.9,2.0,39.5,6.0,2.0,40.0,0.0,12.2,1.0,47.0,3.0,2.5,684465,0.5,4180.0,3.0,NONE
TATAELXSI,Tata Elxsi Limited,Technology,12.0,4.5,4.0,3.5,1,0.3,2.5,29.0,1.0,40.0,4.5,1.5,14.3,1.5,44.9,1.0,55.1,4.0,2.0,264161,1.5,26078.0,3.5,NONE
INDIACEM,The India Cements Limited,Basic Materials,12.0,5.5,2.5,4.0,1,0.27,2.0,35.4,2.5,28.2,5.5,1.5,13.6,1.0,75.2,0.0,23.2,2.5,2.5,768392,1.5,18903.0,4.0,NONE
MAZDOCK,Mazagon Dock Shipbuilders Limited,Industrials,12.0,6.0,1.0,5.0,3,0.67,2.0,35.7,1.0,44.6,6.0,1.0,5.2,0.0,81.2,0.0,18.8,1.0,3.0,1785080,2.0,97731.0,5.0,NONE
SCHAEFFLER,Schaeffler India Limited,Consumer Cyclical,12.0,6.5,3.5,2.0,1,0.03,2.5,29.2,3.0,17.4,6.5,1.5,17.1,1.5,74.3,0.5,25.7,3.5,0.0,79858,2.0,62331.0,2.0,LOW_LIQUIDITY
SJVN,SJVN Limited,Utilities,12.0,6.5,1.0,4.5,2,,2.5,33.6,2.0,38.0,6.5,1.0,5.4,0.0,81.8,0.0,18.2,1.0,3.0,5980339,1.5,29301.0,4.5,NONE
ABREL,Aditya Birla Real Estate Limited,Real Estate,12.0,4.0,4.5,3.5,2,0.42,2.0,39.1,0.0,56.2,4.0,1.5,19.8,2.0,55.4,1.0,53.0,4.5,2.0,224177,1.5,14057.0,3.5,SEVERE_DRAWDOWN
TRIDENT,Trident Limited,Consumer Cyclical,12.0,5.5,2.0,4.5,1,-0.05,2.5,33.7,2.0,33.1,5.5,1.0,2.0,1.0,75.5,0.0,22.4,2.0,3.0,9495005,1.5,12454.0,4.5,NONE
AVANTIFEED,Avanti Feeds Limited,Consumer Defensive,12.0,4.5,3.5,4.0,1,0.15,1.0,54.8,2.5,27.4,4.5,1.5,11.9,1.5,70.9,0.5,26.6,3.5,2.5,991011,1.5,17268.0,4.0,NONE
INDIACEM,The India Cements Limited,Basic Materials,12.0,5.5,2.5,4.0,1,0.27,2.0,35.4,2.5,28.2,5.5,1.5,13.6,1.0,75.2,0.0,23.2,2.5,2.5,768392,1.5,18903.0,4.0,NONE
GODREJAGRO,Godrej Agrovet Limited,Consumer Defensive,12.0,5.5,3.0,3.5,1,0.27,2.5,29.2,2.0,39.4,5.5,1.5,10.5,1.5,72.7,0.0,20.7,3.0,2.0,258472,1.5,11012.0,3.5,NONE
MAZDOCK,Mazagon Dock Shipbuilders Limited,Industrials,12.0,6.0,1.0,5.0,3,0.67,2.0,35.7,1.0,44.6,6.0,1.0,5.2,0.0,81.2,0.0,18.8,1.0,3.0,1785080,2.0,97731.0,5.0,NONE
CYIENT,Cyient Limited,Industrials,12.0,5.5,3.0,3.5,2,0.53,2.5,30.1,1.0,43.1,5.5,2.0,47.3,0.0,23.7,1.0,75.6,3.0,2.0,406413,1.5,10004.0,3.5,NONE
UBL,United Breweries Limited,Consumer Defensive,12.0,6.0,3.5,2.5,1,0.05,3.0,20.9,2.0,35.1,6.0,2.0,20.6,1.5,72.8,0.0,24.8,3.5,1.0,166635,1.5,35650.0,2.5,NONE
BDL,Bharat Dynamics Limited,Industrials,12.0,4.0,3.5,4.5,1,0.34,2.0,39.1,1.0,45.4,4.0,1.5,10.1,1.5,74.9,0.5,25.1,3.5,3.0,1860048,1.5,48086.0,4.5,NONE
UBL,United Breweries Limited,Consumer Defensive,12.0,6.0,3.5,2.5,1,0.05,3.0,20.9,2.0,35.1,6.0,2.0,20.6,1.5,72.8,0.0,24.8,3.5,1.0,166635,1.5,35650.0,2.5,NONE
SCHAEFFLER,Schaeffler India Limited,Consumer Cyclical,12.0,6.5,3.5,2.0,1,0.03,2.5,29.2,3.0,17.4,6.5,1.5,17.1,1.5,74.3,0.5,25.7,3.5,0.0,79858,2.0,62331.0,2.0,LOW_LIQUIDITY
CROMPTON,Crompton Greaves Consumer Electricals Limited,Consumer Cyclical,12.0,5.5,2.0,4.5,1,0.26,2.5,26.7,2.0,37.8,5.5,1.0,78.6,0.0,0.0,1.0,98.0,2.0,3.0,2960038,1.5,19190.0,4.5,NONE
MAHSEAMLES,Maharashtra Seamless Limited,Basic Materials,12.0,5.5,3.5,3.0,1,0.03,2.5,25.7,2.0,32.6,5.5,1.0,6.6,1.5,72.1,1.0,46.1,3.5,2.0,216919,1.0,8512.0,3.0,NONE
NAVINFLUOR,Navin Fluorine International Limited,Basic Materials,12.0,6.5,3.0,2.5,1,0.25,2.5,33.2,3.0,12.5,6.5,2.0,37.1,0.0,29.4,1.0,70.6,3.0,1.0,199502,1.5,36287.0,2.5,NONE
CROMPTON,Crompton Greaves Consumer Electricals Limited,Consumer Cyclical,12.0,5.5,2.0,4.5,1,0.26,2.5,26.7,2.0,37.8,5.5,1.0,78.6,0.0,0.0,1.0,98.0,2.0,3.0,2960038,1.5,19190.0,4.5,NONE
JKLAKSHMI,JK Lakshmi Cement Limited,Basic Materials,12.0,5.5,4.5,2.0,2,0.49,2.5,29.5,1.0,44.7,5.5,2.0,26.3,1.5,47.2,1.0,52.8,4.5,1.0,178149,1.0,8002.0,2.0,NONE
TATAELXSI,Tata Elxsi Limited,Technology,12.0,4.5,4.0,3.5,1,0.3,2.5,29.0,1.0,40.0,4.5,1.5,14.3,1.5,44.9,1.0,55.1,4.0,2.0,264161,1.5,26078.0,3.5,NONE
JAGRAN,Jagran Prakashan Limited,Communication Services,11.5,6.5,3.5,1.5,1,0.27,3.0,17.3,2.5,22.4,6.5,1.0,7.0,2.0,69.0,0.5,30.9,3.5,1.0,199403,0.5,1478.0,1.5,NONE
HAPPSTMNDS,Happiest Minds Technologies Limited,Technology,11.5,4.0,3.5,4.0,1,-0.09,2.0,36.3,1.0,49.0,4.0,1.0,9.4,1.5,46.1,1.0,55.2,3.5,3.0,1171668,1.0,5418.0,4.0,NONE
WINDMACHIN,Windsor Machines Limited,Industrials,11.5,7.0,3.0,1.5,4,0.94,2.0,40.4,1.0,48.2,7.0,1.0,1.7,1.5,74.1,0.5,25.5,3.0,1.0,101575,0.5,2624.0,1.5,NONE
THOMASCOOK,Thomas Cook (India) Limited,Consumer Cyclical,11.5,4.0,4.0,3.5,2,,2.0,42.7,0.0,52.6,4.0,1.5,10.9,2.0,65.0,0.5,34.5,4.0,3.0,1253276,0.5,4403.0,3.5,SEVERE_DRAWDOWN
COFORGE,Coforge Limited,Technology,11.5,4.0,2.5,5.0,1,0.16,2.0,36.0,1.0,45.6,4.0,1.5,55.0,0.0,0.6,1.0,60.5,2.5,3.0,2455772,2.0,60716.0,5.0,NONE
DELTACORP,Delta Corp Limited,Consumer Cyclical,11.5,5.0,3.0,3.5,2,0.59,2.0,46.3,1.0,48.2,5.0,1.0,1.0,1.0,34.5,1.0,65.2,3.0,3.0,2434175,0.5,1863.0,3.5,NONE
KRBL,KRBL Limited,Consumer Defensive,11.5,5.0,3.0,3.5,2,,2.0,43.9,1.0,42.2,5.0,1.0,4.2,1.5,72.7,0.5,27.6,3.0,2.5,955669,1.0,7627.0,3.5,NONE
GODFRYPHLP,Godfrey Phillips India Limited,Consumer Defensive,11.5,4.0,3.5,4.0,2,,1.0,54.9,1.0,49.8,4.0,1.5,11.4,1.5,73.6,0.5,29.8,3.5,2.5,977702,1.5,36498.0,4.0,NONE
TATAINVEST,Tata Investment Corporation Limited,Financial Services,11.5,4.0,3.0,4.5,1,0.36,2.0,43.8,1.0,48.9,4.0,1.0,1.9,1.5,73.8,0.5,25.8,3.0,3.0,2472165,1.5,33573.0,4.5,NONE
LTTS,L&T Technology Services Limited,Technology,11.5,5.5,3.5,2.5,1,0.09,2.5,31.9,2.0,34.5,5.5,1.5,13.9,1.5,73.9,0.5,25.8,3.5,1.0,115324,1.5,37703.0,2.5,NONE
PCBL,PCBL Chemical Limited,Basic Materials,11.5,5.0,2.0,4.5,2,0.53,2.0,42.3,1.0,45.7,5.0,1.0,62.4,0.0,7.0,1.0,48.4,2.0,3.0,1859539,1.5,10763.0,4.5,NONE
PARAGMILK,Parag Milk Foods Limited,Consumer Defensive,11.5,4.0,4.0,3.5,2,0.56,2.0,47.1,0.0,51.6,4.0,1.0,5.5,2.0,55.7,1.0,52.6,4.0,3.0,1145876,0.5,2697.0,3.5,SEVERE_DRAWDOWN
IEX,Indian Energy Exchange Limited,Financial Services,11.5,4.0,3.0,4.5,1,0.31,2.0,45.1,1.0,44.7,4.0,2.0,30.6,0.0,13.4,1.0,89.7,3.0,3.0,11905875,1.5,11159.0,4.5,NONE
COFORGE,Coforge Limited,Technology,11.5,4.0,2.5,5.0,1,0.16,2.0,36.0,1.0,45.6,4.0,1.5,55.0,0.0,0.6,1.0,60.5,2.5,3.0,2455772,2.0,60716.0,5.0,NONE
JMFINANCIL,JM Financial Limited,Financial Services,11.5,4.0,3.0,4.5,1,0.35,2.0,45.1,1.0,40.6,4.0,2.0,50.0,0.0,24.6,1.0,40.3,3.0,3.0,5553619,1.5,12343.0,4.5,NONE
EVEREADY,Eveready Industries India Limited,Industrials,11.5,5.0,4.0,2.5,2,0.47,2.0,36.0,1.0,43.9,5.0,1.0,3.2,2.0,63.4,1.0,76.5,4.0,2.0,203574,0.5,2336.0,2.5,NONE
DEEPAKFERT,Deepak Fertilisers And Petrochemicals Corporation Limited,Basic Materials,11.5,4.0,4.0,3.5,1,-0.01,2.0,41.9,1.0,49.6,4.0,1.5,15.9,1.5,48.2,1.0,51.7,4.0,2.0,424805,1.5,16737.0,3.5,NONE
SHILPAMED,Shilpa Medicare Limited,Healthcare,11.5,4.0,4.5,3.0,1,0.14,2.0,38.5,1.0,45.8,4.0,1.5,10.3,2.0,60.5,1.0,47.3,4.5,2.0,448654,1.0,9240.0,3.0,NONE
SOLARA,Solara Active Pharma Sciences Limited,Healthcare,11.5,6.0,4.0,1.5,2,,2.0,44.2,2.0,38.9,6.0,1.5,17.5,1.5,48.7,1.0,82.9,4.0,1.0,177997,0.5,2807.0,1.5,NONE
ZENTEC,Zen Technologies Limited,Industrials,11.5,4.0,3.5,4.0,1,-0.18,2.0,37.5,1.0,44.8,4.0,1.0,8.8,1.5,49.9,1.0,49.7,3.5,2.5,547369,1.5,14070.0,4.0,NONE
NEWGEN,Newgen Software Technologies Limited,Technology,11.5,4.0,3.5,4.0,3,0.72,1.0,51.7,0.0,69.7,4.0,1.0,9.5,2.0,63.5,0.5,39.6,3.5,3.0,1915595,1.0,6510.0,4.0,SEVERE_DRAWDOWN
DBL,Dilip Buildcon Limited,Industrials,11.0,6.0,2.0,3.0,2,,2.0,36.3,2.0,32.9,6.0,1.0,6.3,1.0,76.1,0.0,20.1,2.0,2.0,330556,1.0,7220.0,3.0,NONE
SIS,SIS Limited,Industrials,11.0,5.5,3.5,2.0,1,0.28,2.5,29.1,2.0,31.1,5.5,1.5,17.5,1.5,73.2,0.5,25.6,3.5,1.0,117268,1.0,5725.0,2.0,NONE
TNPETRO,Tamilnadu Petroproducts Limited,Basic Materials,11.0,5.0,4.0,2.0,1,0.28,2.0,37.4,2.0,35.8,5.0,1.0,5.7,2.0,55.9,1.0,43.6,4.0,2.0,337105,0.0,816.0,2.0,NONE
ZEEL,Zee Entertainment Enterprises Limited,Communication Services,11.0,4.0,3.0,4.0,2,0.5,2.0,38.7,0.0,53.3,4.0,2.0,31.9,0.0,4.8,1.0,95.8,3.0,3.0,11441456,1.0,8422.0,4.0,SEVERE_DRAWDOWN
ZEEL,Zee Entertainment Enterprises Limited,Communication Services,11.0,4.0,3.0,4.0,2,0.5,2.0,38.7,0.0,53.3,4.0,2.0,31.9,0.0,4.8,1.0,95.8,3.0,3.0,11441456,1.0,8422.0,4.0,SEVERE_DRAWDOWN
SPANDANA,Spandana Sphoorty Financial Limited,Financial Services,11.0,5.0,3.5,2.5,1,0.32,2.0,39.8,2.0,39.2,5.0,1.5,11.7,1.5,73.8,0.5,40.0,3.5,2.0,310777,0.5,2279.0,2.5,NONE
WALCHANNAG,Walchandnagar Industries Limited,Industrials,11.0,4.0,3.5,3.5,3,1.26,1.0,55.3,0.0,50.5,4.0,1.0,0.2,1.5,40.7,1.0,58.2,3.5,3.0,1079530,0.5,1606.0,3.5,SEVERE_DRAWDOWN
ROSSARI,Rossari Biotech Limited,Basic Materials,11.0,5.5,4.0,1.5,2,0.51,2.5,33.4,1.0,49.1,5.5,1.5,18.3,2.0,68.1,0.5,31.9,4.0,1.0,103228,0.5,2797.0,1.5,NONE
EASEMYTRIP,Easy Trip Planners Limited,Consumer Cyclical,11.0,4.0,3.5,3.5,2,0.56,1.0,51.8,1.0,49.2,4.0,1.0,2.4,2.0,51.0,0.5,37.9,3.5,3.0,26964599,0.5,2899.0,3.5,NONE
MRPL,Mangalore Refinery and Petrochemicals Limited,Energy,11.0,5.5,1.0,4.5,1,0.3,2.0,47.2,2.5,29.6,5.5,1.0,0.7,0.0,90.0,0.0,10.1,1.0,3.0,9191685,1.5,25513.0,4.5,NONE
QUESS,Quess Corp Limited,Industrials,11.0,4.5,4.0,2.5,1,0.02,2.5,31.3,1.0,47.7,4.5,1.5,13.0,2.0,66.3,0.5,36.2,4.0,2.0,425414,0.5,3068.0,2.5,NONE
KANSAINER,Kansai Nerolac Paints Limited,Basic Materials,11.0,5.5,2.0,3.5,1,0.25,2.5,26.3,2.0,39.0,5.5,1.0,9.9,1.0,75.1,0.0,24.9,2.0,2.0,468870,1.5,17427.0,3.5,NONE
KANSAINER,Kansai Nerolac Paints Limited,Basic Materials,11.0,5.5,2.0,3.5,1,0.25,2.5,26.3,2.0,39.0,5.5,1.0,9.9,1.0,75.1,0.0,24.9,2.0,2.0,468870,1.5,17427.0,3.5,NONE
SOMANYCERA,Somany Ceramics Limited,Industrials,10.5,5.0,5.0,0.5,2,,2.0,40.0,1.0,42.5,5.0,2.0,21.9,2.0,58.2,1.0,46.1,5.0,0.0,68274,0.5,2059.0,0.5,LOW_LIQUIDITY
PSPPROJECT,PSP Projects Limited,Industrials,10.5,5.0,3.0,2.5,2,,2.0,43.7,1.0,42.6,5.0,1.0,2.6,1.5,71.1,0.5,25.4,3.0,2.0,212272,0.5,3064.0,2.5,NONE
IMFA,Indian Metals and Ferro Alloys Limited,Basic Materials,10.5,4.5,3.0,3.0,1,0.16,1.0,50.2,2.5,27.1,4.5,1.0,0.9,1.5,73.5,0.5,25.3,3.0,2.0,206486,1.0,7682.0,3.0,NONE
VISHNU,Vishnu Chemicals Limited,Basic Materials,10.5,6.0,3.0,1.5,1,-0.01,2.5,34.0,2.5,20.5,6.0,1.0,6.9,1.5,70.1,0.5,29.9,3.0,1.0,156362,0.5,4026.0,1.5,NONE
SCHNEIDER,Schneider Electric Infrastructure Limited,Industrials,10.5,5.0,2.0,3.5,2,0.46,2.0,43.6,1.0,43.9,5.0,1.0,4.4,1.0,77.6,0.0,22.1,2.0,2.0,303623,1.5,29761.0,3.5,NONE
ITI,ITI Limited,Technology,10.5,5.0,1.0,4.5,1,0.07,2.0,42.6,2.0,34.5,5.0,1.0,0.1,0.0,97.9,0.0,9.8,1.0,3.0,2806872,1.5,27523.0,4.5,NONE
PATELENG,Patel Engineering Limited,Industrials,10.5,4.0,3.0,3.5,2,,2.0,37.1,0.0,50.8,4.0,1.0,2.0,1.0,38.2,1.0,73.3,3.0,3.0,6695145,0.5,2470.0,3.5,SEVERE_DRAWDOWN
VEDL,Vedanta Limited,Basic Materials,10.5,1.0,4.5,5.0,1,0.11,0.0,73.3,0.0,65.5,1.0,1.5,18.6,2.0,58.5,1.0,41.4,4.5,3.0,14483289,2.0,131846.0,5.0,"HIGH_VOLATILITY,SEVERE_DRAWDOWN"
VEDL,Vedanta Limited,Basic Materials,10.5,1.0,4.5,5.0,1,0.11,0.0,73.3,0.0,65.5,1.0,1.5,18.6,2.0,58.5,1.0,41.4,4.5,3.0,14483289,2.0,131846.0,5.0,"HIGH_VOLATILITY,SEVERE_DRAWDOWN"
NIITLTD,NIIT Limited,Consumer Defensive,10.5,4.0,4.0,2.5,2,,2.0,38.5,0.0,64.3,4.0,1.5,15.4,1.5,45.0,1.0,51.8,4.0,2.5,559194,0.0,872.0,2.5,SEVERE_DRAWDOWN
SUDARSCHEM,Sudarshan Chemical Industries Limited,Basic Materials,10.5,4.0,4.5,2.0,2,0.44,2.0,37.1,0.0,50.9,4.0,2.0,26.5,1.5,40.5,1.0,63.1,4.5,1.0,187066,1.0,6736.0,2.0,SEVERE_DRAWDOWN
RELAXO,Relaxo Footwears Limited,Consumer Cyclical,10.5,4.0,3.5,3.0,2,0.59,2.0,35.4,0.0,53.9,4.0,1.5,11.3,1.5,71.3,0.5,28.8,3.5,2.0,292446,1.0,7238.0,3.0,SEVERE_DRAWDOWN
VEDL,Vedanta Limited,Basic Materials,10.5,1.0,4.5,5.0,1,0.11,0.0,73.3,0.0,65.5,1.0,1.5,18.6,2.0,58.5,1.0,41.4,4.5,3.0,14483289,2.0,131846.0,5.0,"HIGH_VOLATILITY,SEVERE_DRAWDOWN"
TAJGVK,TAJGVK Hotels & Resorts Limited,Consumer Cyclical,10.0,4.5,3.0,2.5,1,0.25,2.5,33.6,1.0,41.3,4.5,1.0,2.8,1.5,72.4,0.5,34.6,3.0,2.0,270755,0.5,1935.0,2.5,NONE
PNBGILTS,PNB Gilts Ltd.,Financial Services,10.0,5.0,2.0,3.0,2,0.52,2.0,38.6,1.0,48.2,5.0,1.0,0.0,1.0,75.8,0.0,24.0,2.0,2.5,769380,0.5,1309.0,3.0,NONE
DISHTV,Dish TV India Limited,Communication Services,10.0,5.0,2.0,3.0,4,1.04,1.0,53.1,0.0,70.7,5.0,1.0,5.3,0.0,29.8,1.0,69.9,2.0,3.0,3771363,0.0,619.0,3.0,SEVERE_DRAWDOWN
OMAXE,Omaxe Limited,Real Estate,10.0,5.0,2.0,3.0,2,,2.0,49.0,1.0,40.1,5.0,1.0,4.2,1.0,77.2,0.0,20.2,2.0,2.5,573782,0.5,1374.0,3.0,NONE
RAYMOND,Raymond Limited,Industrials,10.0,3.0,4.0,3.0,1,0.36,2.0,43.9,0.0,57.5,3.0,1.0,7.8,2.0,51.2,1.0,47.7,4.0,2.5,698553,0.5,3461.0,3.0,SEVERE_DRAWDOWN
KIRIINDUS,Kiri Industries Limited,Basic Materials,10.0,3.0,4.0,3.0,1,-0.18,2.0,49.0,0.0,53.4,3.0,1.5,16.2,1.5,41.7,1.0,49.6,4.0,2.5,931459,0.5,2544.0,3.0,SEVERE_DRAWDOWN
DBCORP,D. B. Corp Limited,Communication Services,10.0,5.5,3.0,1.5,1,0.29,2.5,29.2,2.0,34.0,5.5,1.5,13.9,1.5,74.5,0.0,16.5,3.0,1.0,123648,0.5,3697.0,1.5,NONE
TTKPRESTIG,TTK Prestige Limited,Consumer Cyclical,10.0,4.5,3.5,2.0,1,0.28,2.5,32.2,1.0,40.1,4.5,1.5,19.3,1.5,70.9,0.5,29.0,3.5,1.0,198020,1.0,7154.0,2.0,NONE
CAPLIPOINT,Caplin Point Laboratories Limited,Healthcare,10.0,5.5,3.0,1.5,1,0.16,2.5,31.9,2.0,35.8,5.5,1.0,4.7,1.5,73.7,0.5,26.6,3.0,0.0,99518,1.5,15493.0,1.5,LOW_LIQUIDITY
SPARC,Sun Pharma Advanced Research Company Limited,Healthcare,10.0,3.0,3.0,4.0,1,0.35,1.0,53.0,1.0,45.2,3.0,1.0,2.1,1.5,73.0,0.5,28.1,3.0,3.0,2291434,1.0,5834.0,4.0,NONE
SUMICHEM,Sumitomo Chemical India Limited,Basic Materials,10.0,4.5,2.0,3.5,1,0.09,2.5,32.5,1.0,44.1,4.5,1.0,7.8,1.0,75.5,0.0,24.4,2.0,2.0,367801,1.5,23405.0,3.5,NONE
NETWORK18,Network18 Media & Investments Limited,Communication Services,10.0,3.0,3.5,3.5,1,0.29,2.0,39.9,0.0,56.4,3.0,1.0,4.2,2.0,63.5,0.5,36.9,3.5,3.0,6303966,0.5,4970.0,3.5,SEVERE_DRAWDOWN
SUBEXLTD,Subex Limited,Technology,10.0,5.0,2.0,3.0,3,0.75,2.0,45.8,0.0,60.0,5.0,1.0,0.7,0.0,1.4,1.0,104.1,2.0,3.0,1904349,0.0,575.0,3.0,SEVERE_DRAWDOWN
RPSGVENT,RPSG Ventures Limited,Technology,9.5,4.0,3.0,2.5,1,-0.07,2.0,49.3,1.0,44.0,4.0,1.0,0.5,1.5,72.4,0.5,29.8,3.0,2.0,359824,0.5,3079.0,2.5,NONE
SASKEN,Sasken Technologies Limited,Technology,9.5,5.0,4.0,0.5,1,0.16,2.0,45.9,2.0,36.2,5.0,1.0,9.3,2.0,56.5,1.0,41.2,4.0,0.0,65277,0.5,2769.0,0.5,LOW_LIQUIDITY
ABFRL,Aditya Birla Fashion and Retail Limited,Consumer Cyclical,9.5,1.0,4.5,4.0,1,-0.0,0.0,77.3,0.0,80.6,1.0,1.5,12.4,2.0,59.9,1.0,45.0,4.5,3.0,8632324,1.0,7598.0,4.0,"HIGH_VOLATILITY,SEVERE_DRAWDOWN"
JUSTDIAL,Just Dial Limited,Communication Services,9.5,4.5,3.5,1.5,1,0.19,2.5,26.3,1.0,48.0,4.5,1.5,11.2,1.5,74.2,0.5,25.8,3.5,1.0,163278,0.5,4400.0,1.5,NONE
VISAKAIND,Visaka Industries Limited,Industrials,9.5,4.5,4.0,1.0,1,0.17,2.5,34.5,1.0,45.4,4.5,1.0,0.1,2.0,54.2,1.0,46.3,4.0,1.0,121112,0.0,636.0,1.0,NONE
GODREJIND,Godrej Industries Limited,Industrials,9.5,5.0,1.0,3.5,2,,2.0,41.3,1.0,44.9,5.0,1.0,6.5,0.0,87.2,0.0,19.3,1.0,2.0,263462,1.5,38197.0,3.5,NONE
SATIA,Satia Industries Limited,Basic Materials,9.5,4.5,4.0,1.0,1,0.11,2.5,33.8,1.0,45.3,4.5,1.0,0.1,2.0,69.1,1.0,44.9,4.0,1.0,122671,0.0,641.0,1.0,NONE
POLYMED,Poly Medicure Limited,Healthcare,9.5,3.0,4.0,2.5,1,0.12,2.0,39.5,0.0,52.1,3.0,1.5,18.1,2.0,66.9,0.5,33.1,4.0,1.0,190904,1.5,14766.0,2.5,SEVERE_DRAWDOWN
MOLDTKPAC,Mold-Tek Packaging Limited,Consumer Cyclical,9.5,5.0,4.0,0.5,2,0.43,2.0,39.1,1.0,44.0,5.0,2.0,29.1,1.0,36.4,1.0,63.5,4.0,0.0,96474,0.5,2266.0,0.5,LOW_LIQUIDITY
STARCEMENT,Star Cement Limited,Basic Materials,9.5,5.5,1.0,3.0,1,0.02,2.5,27.2,2.0,33.4,5.5,1.0,6.2,0.0,88.2,0.0,15.1,1.0,2.0,418665,1.0,8517.0,3.0,NONE
HIMATSEIDE,Himatsingka Seide Limited,Consumer Cyclical,9.5,3.0,4.0,2.5,1,0.23,2.0,43.1,0.0,55.6,3.0,1.5,12.2,1.5,43.5,1.0,57.2,4.0,2.5,618077,0.0,962.0,2.5,SEVERE_DRAWDOWN
INDIANHUME,The Indian Hume Pipe Company Limited,Industrials,9.0,6.0,2.5,0.5,2,,2.0,37.0,2.0,38.5,6.0,1.0,2.2,1.5,74.9,0.0,24.9,2.5,0.0,74621,0.5,1625.0,0.5,LOW_LIQUIDITY
TIRUMALCHM,Thirumalai Chemicals Limited,Basic Materials,9.0,3.0,3.5,2.5,1,0.12,2.0,40.6,0.0,50.1,3.0,1.0,9.8,1.5,41.9,1.0,58.2,3.5,2.0,389558,0.5,2448.0,2.5,SEVERE_DRAWDOWN
KELLTONTEC,Kellton Tech Solutions Limited,Technology,9.0,3.0,3.0,3.0,2,0.5,1.0,53.4,0.0,58.8,3.0,1.0,0.9,1.0,37.7,1.0,61.8,3.0,3.0,4039312,0.0,802.0,3.0,SEVERE_DRAWDOWN
SHOPERSTOP,Shoppers Stop Limited,Consumer Cyclical,9.0,3.0,4.5,1.5,1,-0.34,2.0,35.5,0.0,50.2,3.0,2.0,25.7,2.0,65.9,0.5,29.7,4.5,1.0,103567,0.5,3726.0,1.5,SEVERE_DRAWDOWN
ROUTE,Route Mobile Limited,Communication Services,8.5,3.5,2.5,2.5,1,0.32,2.5,34.5,0.0,61.2,3.5,1.0,6.6,1.5,74.9,0.0,24.8,2.5,2.0,381811,0.5,3274.0,2.5,SEVERE_DRAWDOWN
TBZ,Tribhovandas Bhimji Zaveri Limited,Consumer Cyclical,8.5,5.0,1.0,2.5,2,0.48,2.0,42.1,1.0,47.4,5.0,0.0,0.0,1.0,78.1,0.0,22.0,1.0,2.5,565724,0.0,867.0,2.5,NONE
ORIENTCEM,Orient Cement Limited,Basic Materials,8.5,3.0,2.5,3.0,1,0.06,2.0,37.7,0.0,65.2,3.0,1.0,1.8,1.5,74.8,0.0,24.2,2.5,2.5,784141,0.5,2785.0,3.0,SEVERE_DRAWDOWN
SHREEPUSHK,Shree Pushkar Chemicals & Fertilisers Limited,Basic Materials,8.5,4.0,2.0,2.5,1,0.2,1.0,56.2,2.0,39.4,4.0,0.0,0.0,1.5,70.8,0.5,29.3,2.0,2.0,244414,0.5,1196.0,2.5,NONE
SYMPHONY,Symphony Limited,Consumer Cyclical,8.5,5.5,2.0,1.0,2,,2.5,30.2,1.0,45.0,5.5,1.0,9.8,1.0,75.9,0.0,21.2,2.0,0.0,92258,1.0,5004.0,1.0,LOW_LIQUIDITY
ONEPOINT,One Point One Solutions Limited,Industrials,8.5,4.0,1.0,3.5,1,0.26,2.0,39.9,1.0,40.3,4.0,0.0,0.0,0.0,0.0,1.0,47.5,1.0,3.0,1544748,0.5,1576.0,3.5,NONE
LUXIND,Lux Industries Limited,Consumer Cyclical,8.5,6.0,2.0,0.5,3,0.65,2.0,44.6,1.0,47.8,6.0,1.0,5.4,1.0,75.8,0.0,22.8,2.0,0.0,91994,0.5,4164.0,0.5,LOW_LIQUIDITY
DHANUKA,Dhanuka Agritech Limited,Basic Materials,8.5,3.5,4.0,1.0,1,0.31,2.5,32.6,0.0,53.0,3.5,1.5,19.0,1.5,70.1,1.0,40.7,4.0,0.0,68961,1.0,5326.0,1.0,"SEVERE_DRAWDOWN,LOW_LIQUIDITY"
ZUARI,Zuari Agro Chemicals Limited,Basic Materials,8.0,2.0,3.5,2.5,1,-0.1,1.0,56.2,0.0,52.8,2.0,1.0,0.1,2.0,66.8,0.5,32.4,3.5,2.5,663560,0.0,903.0,2.5,SEVERE_DRAWDOWN
PVP,PVP Ventures Limited,Industrials,8.0,3.0,2.5,2.5,1,-0.38,1.0,55.1,1.0,40.4,3.0,0.0,0.0,2.0,61.3,0.5,35.5,2.5,2.5,955798,0.0,673.0,2.5,NONE
IGARASHI,Igarashi Motors India Limited,Consumer Cyclical,7.5,4.0,2.0,1.5,2,0.47,2.0,45.9,0.0,56.3,4.0,1.0,0.1,1.0,76.6,0.0,24.7,2.0,1.0,137433,0.5,1253.0,1.5,SEVERE_DRAWDOWN
UTTAMSUGAR,Uttam Sugar Mills Limited,Consumer Defensive,7.0,5.0,1.0,1.0,2,,2.0,36.2,1.0,42.1,5.0,1.0,0.0,0.0,80.6,0.0,19.8,1.0,1.0,111222,0.0,937.0,1.0,NONE
